County,WeekStartDate,NewPos_All,Age 0-19,Age 20-39,Age 40-59,Age 60-79,Age 80+,Positive UnkAge,dtm_updated
Adams County,2020-03-08,4,0,1,1,2,0,0,2020/11/08 12:47:15
Adams County,2020-03-15,3,0,0,3,0,0,0,2020/11/08 12:47:15
Adams County,2020-03-22,12,0,4,4,4,0,0,2020/11/08 12:47:15
Adams County,2020-03-29,15,3,5,4,3,0,0,2020/11/08 12:47:15
Adams County,2020-04-05,7,0,2,4,1,0,0,2020/11/08 12:47:15
Adams County,2020-04-12,2,0,1,1,0,0,0,2020/11/08 12:47:15
Adams County,2020-04-19,4,0,4,0,0,0,0,2020/11/08 12:47:15
Adams County,2020-04-26,2,0,1,1,0,0,0,2020/11/08 12:47:15
Adams County,2020-05-03,1,1,0,0,0,0,0,2020/11/08 12:47:15
Adams County,2020-05-10,2,0,1,1,0,0,0,2020/11/08 12:47:15
Adams County,2020-05-17,5,0,1,4,0,0,0,2020/11/08 12:47:15
Adams County,2020-05-24,17,2,9,4,2,0,0,2020/11/08 12:47:15
Adams County,2020-05-31,14,5,6,3,0,0,0,2020/11/08 12:47:15
Adams County,2020-06-07,12,1,2,5,3,0,1,2020/11/08 12:47:15
Adams County,2020-06-14,13,1,4,5,3,0,0,2020/11/08 12:47:15
Adams County,2020-06-21,31,0,16,9,5,1,0,2020/11/08 12:47:15
Adams County,2020-06-28,54,15,13,18,8,0,0,2020/11/08 12:47:15
Adams County,2020-07-05,57,17,24,10,4,2,0,2020/11/08 12:47:15
Adams County,2020-07-12,64,13,21,23,5,2,0,2020/11/08 12:47:15
Adams County,2020-07-19,53,13,14,10,6,10,0,2020/11/08 12:47:15
Adams County,2020-07-26,34,6,12,9,4,3,0,2020/11/08 12:47:15
Adams County,2020-08-02,56,6,22,20,7,1,0,2020/11/08 12:47:15
Adams County,2020-08-09,51,13,15,13,8,2,0,2020/11/08 12:47:15
Adams County,2020-08-16,60,14,23,17,5,0,1,2020/11/08 12:47:15
Adams County,2020-08-23,62,9,31,14,7,1,0,2020/11/08 12:47:15
Adams County,2020-08-30,92,16,30,30,14,2,0,2020/11/08 12:47:15
Adams County,2020-09-06,49,6,25,15,1,2,0,2020/11/08 12:47:15
Adams County,2020-09-13,45,10,19,7,7,2,0,2020/11/08 12:47:15
Adams County,2020-09-20,39,1,20,12,6,0,0,2020/11/08 12:47:15
Adams County,2020-09-27,16,4,3,4,5,0,0,2020/11/08 12:47:15
Adams County,2020-10-04,20,1,8,2,6,3,0,2020/11/08 12:47:15
Adams County,2020-10-11,17,3,5,5,3,1,0,2020/11/08 12:47:15
Adams County,2020-10-18,10,4,5,1,0,0,0,2020/11/08 12:47:15
Adams County,2020-10-25,36,10,14,8,4,0,0,2020/11/08 12:47:15
Adams County,2020-11-01,30,5,10,11,3,0,1,2020/11/08 12:47:15
Asotin County,2020-03-15,2,0,0,0,2,0,0,2020/11/08 12:47:15
Asotin County,2020-03-22,1,0,1,0,0,0,0,2020/11/08 12:47:15
Asotin County,2020-03-29,2,0,0,2,0,0,0,2020/11/08 12:47:15
Asotin County,2020-04-05,7,0,1,4,1,1,0,2020/11/08 12:47:15
Asotin County,2020-04-12,4,1,0,3,0,0,0,2020/11/08 12:47:15
Asotin County,2020-04-19,3,0,0,0,2,1,0,2020/11/08 12:47:15
Asotin County,2020-05-17,1,0,0,1,0,0,0,2020/11/08 12:47:15
Asotin County,2020-05-31,1,0,0,0,1,0,0,2020/11/08 12:47:15
Asotin County,2020-06-14,1,0,0,0,1,0,0,2020/11/08 12:47:15
Asotin County,2020-06-21,1,0,0,0,1,0,0,2020/11/08 12:47:15
Asotin County,2020-07-12,1,0,1,0,0,0,0,2020/11/08 12:47:15
Asotin County,2020-07-19,1,0,1,0,0,0,0,2020/11/08 12:47:15
Asotin County,2020-07-26,6,2,2,2,0,0,0,2020/11/08 12:47:15
Asotin County,2020-08-02,7,0,3,2,2,0,0,2020/11/08 12:47:15
Asotin County,2020-08-09,9,1,5,1,2,0,0,2020/11/08 12:47:15
Asotin County,2020-08-16,7,0,4,3,0,0,0,2020/11/08 12:47:15
Asotin County,2020-08-23,3,0,0,2,1,0,0,2020/11/08 12:47:15
Asotin County,2020-08-30,8,1,2,0,5,0,0,2020/11/08 12:47:15
Asotin County,2020-09-06,12,2,1,2,7,0,0,2020/11/08 12:47:15
Asotin County,2020-09-13,27,3,6,7,5,6,0,2020/11/08 12:47:15
Asotin County,2020-09-20,21,4,3,2,8,4,0,2020/11/08 12:47:15
Asotin County,2020-09-27,21,0,7,4,6,4,0,2020/11/08 12:47:15
Asotin County,2020-10-04,30,2,11,4,12,1,0,2020/11/08 12:47:15
Asotin County,2020-10-11,37,6,13,10,3,5,0,2020/11/08 12:47:15
Asotin County,2020-10-18,34,2,15,7,9,1,0,2020/11/08 12:47:15
Asotin County,2020-10-25,74,5,32,21,12,4,0,2020/11/08 12:47:15
Asotin County,2020-11-01,20,1,4,6,8,1,0,2020/11/08 12:47:15
Benton County,2020-02-16,1,0,1,0,0,0,0,2020/11/08 12:47:15
Benton County,2020-03-01,7,0,0,0,3,4,0,2020/11/08 12:47:15
Benton County,2020-03-08,17,0,3,4,6,4,0,2020/11/08 12:47:15
Benton County,2020-03-15,58,2,15,16,10,14,1,2020/11/08 12:47:15
Benton County,2020-03-22,105,3,21,26,25,30,0,2020/11/08 12:47:15
Benton County,2020-03-29,88,2,24,29,21,12,0,2020/11/08 12:47:15
Benton County,2020-04-05,72,7,21,30,12,2,0,2020/11/08 12:47:15
Benton County,2020-04-12,67,3,31,22,9,2,0,2020/11/08 12:47:15
Benton County,2020-04-19,102,6,38,25,19,14,0,2020/11/08 12:47:15
Benton County,2020-04-26,81,7,24,26,15,9,0,2020/11/08 12:47:15
Benton County,2020-05-03,44,2,20,10,9,3,0,2020/11/08 12:47:15
Benton County,2020-05-10,68,4,32,26,5,1,0,2020/11/08 12:47:15
Benton County,2020-05-17,101,13,39,26,9,14,0,2020/11/08 12:47:15
Benton County,2020-05-24,120,11,47,32,21,9,0,2020/11/08 12:47:15
Benton County,2020-05-31,187,19,76,58,28,6,0,2020/11/08 12:47:15
Benton County,2020-06-07,257,31,120,73,27,6,0,2020/11/08 12:47:15
Benton County,2020-06-14,280,31,104,85,36,23,1,2020/11/08 12:47:15
Benton County,2020-06-21,300,41,148,73,31,7,0,2020/11/08 12:47:15
Benton County,2020-06-28,376,52,178,102,35,9,0,2020/11/08 12:47:15
Benton County,2020-07-05,417,65,202,97,41,12,0,2020/11/08 12:47:15
Benton County,2020-07-12,359,65,179,83,26,5,1,2020/11/08 12:47:15
Benton County,2020-07-19,355,72,152,92,34,4,1,2020/11/08 12:47:15
Benton County,2020-07-26,218,41,72,74,27,4,0,2020/11/08 12:47:15
Benton County,2020-08-02,137,30,53,38,16,0,0,2020/11/08 12:47:15
Benton County,2020-08-09,135,24,64,30,16,1,0,2020/11/08 12:47:15
Benton County,2020-08-16,128,18,63,26,17,4,0,2020/11/08 12:47:15
Benton County,2020-08-23,121,17,48,38,16,2,0,2020/11/08 12:47:15
Benton County,2020-08-30,93,10,44,22,14,3,0,2020/11/08 12:47:15
Benton County,2020-09-06,83,18,36,16,12,1,0,2020/11/08 12:47:15
Benton County,2020-09-13,102,19,39,24,14,6,0,2020/11/08 12:47:15
Benton County,2020-09-20,128,20,43,41,20,4,0,2020/11/08 12:47:15
Benton County,2020-09-27,156,31,59,50,11,5,0,2020/11/08 12:47:15
Benton County,2020-10-04,151,25,64,41,18,3,0,2020/11/08 12:47:15
Benton County,2020-10-11,182,25,73,52,29,3,0,2020/11/08 12:47:15
Benton County,2020-10-18,175,35,57,46,33,4,0,2020/11/08 12:47:15
Benton County,2020-10-25,315,41,131,111,25,7,0,2020/11/08 12:47:15
Benton County,2020-11-01,312,54,122,80,50,6,0,2020/11/08 12:47:15
Chelan County,2020-02-09,1,0,0,1,0,0,0,2020/11/08 12:47:15
Chelan County,2020-03-08,8,0,1,5,1,1,0,2020/11/08 12:47:15
Chelan County,2020-03-15,8,0,4,0,2,2,0,2020/11/08 12:47:15
Chelan County,2020-03-22,12,0,3,2,3,4,0,2020/11/08 12:47:15
Chelan County,2020-03-29,24,1,7,6,9,1,0,2020/11/08 12:47:15
Chelan County,2020-04-05,16,0,10,4,2,0,0,2020/11/08 12:47:15
Chelan County,2020-04-12,25,1,18,6,0,0,0,2020/11/08 12:47:15
Chelan County,2020-04-19,26,5,7,9,5,0,0,2020/11/08 12:47:15
Chelan County,2020-04-26,19,1,6,6,6,0,0,2020/11/08 12:47:15
Chelan County,2020-05-03,25,6,11,7,1,0,0,2020/11/08 12:47:15
Chelan County,2020-05-10,35,6,18,10,0,1,0,2020/11/08 12:47:15
Chelan County,2020-05-17,43,5,16,19,3,0,0,2020/11/08 12:47:15
Chelan County,2020-05-24,20,5,8,5,2,0,0,2020/11/08 12:47:15
Chelan County,2020-05-31,6,2,3,0,1,0,0,2020/11/08 12:47:15
Chelan County,2020-06-07,10,4,5,1,0,0,0,2020/11/08 12:47:15
Chelan County,2020-06-14,24,0,13,9,1,1,0,2020/11/08 12:47:15
Chelan County,2020-06-21,60,5,27,22,4,2,0,2020/11/08 12:47:15
Chelan County,2020-06-28,118,20,48,35,11,4,0,2020/11/08 12:47:15
Chelan County,2020-07-05,157,19,68,50,17,3,0,2020/11/08 12:47:15
Chelan County,2020-07-12,195,30,93,54,13,5,0,2020/11/08 12:47:15
Chelan County,2020-07-19,209,36,84,60,22,7,0,2020/11/08 12:47:15
Chelan County,2020-07-26,233,51,88,71,22,1,0,2020/11/08 12:47:15
Chelan County,2020-08-02,162,17,70,62,13,0,0,2020/11/08 12:47:15
Chelan County,2020-08-09,150,23,62,51,13,1,0,2020/11/08 12:47:15
Chelan County,2020-08-16,108,18,54,25,10,1,0,2020/11/08 12:47:15
Chelan County,2020-08-23,44,7,22,10,4,1,0,2020/11/08 12:47:15
Chelan County,2020-08-30,45,16,9,15,4,1,0,2020/11/08 12:47:15
Chelan County,2020-09-06,45,11,16,12,6,0,0,2020/11/08 12:47:15
Chelan County,2020-09-13,13,0,5,3,5,0,0,2020/11/08 12:47:15
Chelan County,2020-09-20,23,4,8,7,4,0,0,2020/11/08 12:47:15
Chelan County,2020-09-27,40,13,19,7,1,0,0,2020/11/08 12:47:15
Chelan County,2020-10-04,40,5,19,11,4,1,0,2020/11/08 12:47:15
Chelan County,2020-10-11,32,6,10,10,6,0,0,2020/11/08 12:47:15
Chelan County,2020-10-18,31,5,12,6,8,0,0,2020/11/08 12:47:15
Chelan County,2020-10-25,37,4,16,11,5,1,0,2020/11/08 12:47:15
Chelan County,2020-11-01,50,12,13,17,8,0,0,2020/11/08 12:47:15
Clallam County,2020-03-01,2,0,0,0,2,0,0,2020/11/08 12:47:15
Clallam County,2020-03-08,5,0,0,2,3,0,0,2020/11/08 12:47:15
Clallam County,2020-03-15,3,0,2,0,1,0,0,2020/11/08 12:47:15
Clallam County,2020-03-29,3,0,2,0,1,0,0,2020/11/08 12:47:15
Clallam County,2020-04-05,1,0,0,1,0,0,0,2020/11/08 12:47:15
Clallam County,2020-04-19,4,0,3,0,0,1,0,2020/11/08 12:47:15
Clallam County,2020-04-26,1,0,1,0,0,0,0,2020/11/08 12:47:15
Clallam County,2020-05-10,4,2,0,2,0,0,0,2020/11/08 12:47:15
Clallam County,2020-05-17,2,2,0,0,0,0,0,2020/11/08 12:47:15
Clallam County,2020-05-24,2,0,1,0,0,1,0,2020/11/08 12:47:15
Clallam County,2020-05-31,1,0,0,1,0,0,0,2020/11/08 12:47:15
Clallam County,2020-06-07,4,0,2,1,1,0,0,2020/11/08 12:47:15
Clallam County,2020-06-14,1,0,1,0,0,0,0,2020/11/08 12:47:15
Clallam County,2020-06-21,8,2,3,3,0,0,0,2020/11/08 12:47:15
Clallam County,2020-06-28,5,0,3,0,2,0,0,2020/11/08 12:47:15
Clallam County,2020-07-05,17,7,3,6,1,0,0,2020/11/08 12:47:15
Clallam County,2020-07-12,12,3,4,4,1,0,0,2020/11/08 12:47:15
Clallam County,2020-07-19,20,6,10,1,2,1,0,2020/11/08 12:47:15
Clallam County,2020-07-26,19,6,8,4,1,0,0,2020/11/08 12:47:15
Clallam County,2020-08-02,30,15,9,3,2,1,0,2020/11/08 12:47:15
Clallam County,2020-08-09,26,2,18,6,0,0,0,2020/11/08 12:47:15
Clallam County,2020-08-16,25,3,16,3,2,1,0,2020/11/08 12:47:15
Clallam County,2020-08-23,11,4,3,3,1,0,0,2020/11/08 12:47:15
Clallam County,2020-08-30,7,2,4,0,1,0,0,2020/11/08 12:47:15
Clallam County,2020-09-06,6,1,2,1,2,0,0,2020/11/08 12:47:15
Clallam County,2020-09-13,10,2,3,4,1,0,0,2020/11/08 12:47:15
Clallam County,2020-09-20,7,3,1,1,2,0,0,2020/11/08 12:47:15
Clallam County,2020-09-27,5,0,0,2,2,1,0,2020/11/08 12:47:15
Clallam County,2020-10-04,6,1,1,0,3,1,0,2020/11/08 12:47:15
Clallam County,2020-10-11,10,1,7,1,1,0,0,2020/11/08 12:47:15
Clallam County,2020-10-18,8,2,3,1,2,0,0,2020/11/08 12:47:15
Clallam County,2020-10-25,9,3,4,2,0,0,0,2020/11/08 12:47:15
Clallam County,2020-11-01,9,2,3,1,1,2,0,2020/11/08 12:47:15
Clark County,2020-02-23,4,0,0,2,1,1,0,2020/11/08 12:47:15
Clark County,2020-03-01,5,0,0,2,0,3,0,2020/11/08 12:47:15
Clark County,2020-03-08,30,0,4,15,11,0,0,2020/11/08 12:47:15
Clark County,2020-03-15,57,2,10,26,15,4,0,2020/11/08 12:47:15
Clark County,2020-03-22,69,0,20,27,19,3,0,2020/11/08 12:47:15
Clark County,2020-03-29,48,1,10,19,16,2,0,2020/11/08 12:47:15
Clark County,2020-04-05,62,2,19,17,16,8,0,2020/11/08 12:47:15
Clark County,2020-04-12,47,2,8,15,12,10,0,2020/11/08 12:47:15
Clark County,2020-04-19,23,3,3,7,2,8,0,2020/11/08 12:47:15
Clark County,2020-04-26,20,3,6,6,4,1,0,2020/11/08 12:47:15
Clark County,2020-05-03,22,6,8,7,1,0,0,2020/11/08 12:47:15
Clark County,2020-05-10,21,2,8,8,3,0,0,2020/11/08 12:47:15
Clark County,2020-05-17,69,4,34,28,3,0,0,2020/11/08 12:47:15
Clark County,2020-05-24,76,27,25,18,5,1,0,2020/11/08 12:47:15
Clark County,2020-05-31,58,10,20,22,5,1,0,2020/11/08 12:47:15
Clark County,2020-06-07,41,3,19,14,4,1,0,2020/11/08 12:47:15
Clark County,2020-06-14,67,10,33,15,8,1,0,2020/11/08 12:47:15
Clark County,2020-06-21,158,13,85,44,15,1,0,2020/11/08 12:47:15
Clark County,2020-06-28,182,25,86,47,21,3,0,2020/11/08 12:47:15
Clark County,2020-07-05,279,57,124,64,26,8,0,2020/11/08 12:47:15
Clark County,2020-07-12,278,45,112,89,27,3,2,2020/11/08 12:47:15
Clark County,2020-07-19,170,34,61,46,24,5,0,2020/11/08 12:47:15
Clark County,2020-07-26,179,31,50,48,38,12,0,2020/11/08 12:47:15
Clark County,2020-08-02,185,25,70,52,31,7,0,2020/11/08 12:47:15
Clark County,2020-08-09,173,22,59,51,32,9,0,2020/11/08 12:47:15
Clark County,2020-08-16,151,20,56,50,20,5,0,2020/11/08 12:47:15
Clark County,2020-08-23,144,18,42,50,27,7,0,2020/11/08 12:47:15
Clark County,2020-08-30,196,28,79,57,18,14,0,2020/11/08 12:47:15
Clark County,2020-09-06,106,12,34,27,23,10,0,2020/11/08 12:47:15
Clark County,2020-09-13,160,25,57,40,32,6,0,2020/11/08 12:47:15
Clark County,2020-09-20,221,53,79,52,32,5,0,2020/11/08 12:47:15
Clark County,2020-09-27,233,31,101,65,30,6,0,2020/11/08 12:47:15
Clark County,2020-10-04,276,28,114,84,39,10,1,2020/11/08 12:47:15
Clark County,2020-10-11,274,40,107,91,30,6,0,2020/11/08 12:47:15
Clark County,2020-10-18,270,27,101,89,40,12,1,2020/11/08 12:47:15
Clark County,2020-10-25,367,60,135,108,52,12,0,2020/11/08 12:47:15
Clark County,2020-11-01,392,57,168,106,52,8,1,2020/11/08 12:47:15
Columbia County,2020-03-01,1,0,0,0,1,0,0,2020/11/08 12:47:15
Columbia County,2020-06-07,2,0,0,2,0,0,0,2020/11/08 12:47:15
Columbia County,2020-06-14,5,4,1,0,0,0,0,2020/11/08 12:47:15
Columbia County,2020-07-05,1,0,0,1,0,0,0,2020/11/08 12:47:15
Columbia County,2020-07-12,1,0,0,1,0,0,0,2020/11/08 12:47:15
Columbia County,2020-07-19,2,0,1,0,1,0,0,2020/11/08 12:47:15
Columbia County,2020-07-26,1,0,0,0,1,0,0,2020/11/08 12:47:15
Columbia County,2020-08-30,1,0,0,1,0,0,0,2020/11/08 12:47:15
Columbia County,2020-10-11,2,0,0,0,2,0,0,2020/11/08 12:47:15
Columbia County,2020-10-18,1,0,0,0,1,0,0,2020/11/08 12:47:15
Columbia County,2020-10-25,5,1,0,3,0,1,0,2020/11/08 12:47:15
Columbia County,2020-11-01,1,0,0,1,0,0,0,2020/11/08 12:47:15
Cowlitz County,2020-02-23,1,0,0,0,1,0,0,2020/11/08 12:47:15
Cowlitz County,2020-03-01,1,0,0,0,1,0,0,2020/11/08 12:47:15
Cowlitz County,2020-03-08,8,0,2,1,5,0,0,2020/11/08 12:47:15
Cowlitz County,2020-03-15,8,0,3,1,3,1,0,2020/11/08 12:47:15
Cowlitz County,2020-03-22,3,0,2,0,1,0,0,2020/11/08 12:47:15
Cowlitz County,2020-03-29,7,1,1,2,3,0,0,2020/11/08 12:47:15
Cowlitz County,2020-04-05,6,0,0,4,2,0,0,2020/11/08 12:47:15
Cowlitz County,2020-04-12,10,0,2,2,6,0,0,2020/11/08 12:47:15
Cowlitz County,2020-04-19,5,0,3,2,0,0,0,2020/11/08 12:47:15
Cowlitz County,2020-04-26,14,5,6,1,2,0,0,2020/11/08 12:47:15
Cowlitz County,2020-05-03,5,1,1,1,2,0,0,2020/11/08 12:47:15
Cowlitz County,2020-05-10,5,0,2,3,0,0,0,2020/11/08 12:47:15
Cowlitz County,2020-05-17,2,0,0,2,0,0,0,2020/11/08 12:47:15
Cowlitz County,2020-05-24,3,0,0,3,0,0,0,2020/11/08 12:47:15
Cowlitz County,2020-05-31,35,2,18,10,4,1,0,2020/11/08 12:47:15
Cowlitz County,2020-06-07,25,4,12,6,3,0,0,2020/11/08 12:47:15
Cowlitz County,2020-06-14,33,5,15,9,2,1,1,2020/11/08 12:47:15
Cowlitz County,2020-06-21,38,5,12,13,6,2,0,2020/11/08 12:47:15
Cowlitz County,2020-06-28,40,6,17,13,3,1,0,2020/11/08 12:47:15
Cowlitz County,2020-07-05,112,23,54,31,4,0,0,2020/11/08 12:47:15
Cowlitz County,2020-07-12,53,12,18,21,2,0,0,2020/11/08 12:47:15
Cowlitz County,2020-07-19,25,4,10,9,2,0,0,2020/11/08 12:47:15
Cowlitz County,2020-07-26,40,9,8,15,7,1,0,2020/11/08 12:47:15
Cowlitz County,2020-08-02,28,7,13,7,1,0,0,2020/11/08 12:47:15
Cowlitz County,2020-08-09,15,2,7,5,0,1,0,2020/11/08 12:47:15
Cowlitz County,2020-08-16,19,1,10,6,2,0,0,2020/11/08 12:47:15
Cowlitz County,2020-08-23,13,0,6,6,1,0,0,2020/11/08 12:47:15
Cowlitz County,2020-08-30,24,7,12,2,3,0,0,2020/11/08 12:47:15
Cowlitz County,2020-09-06,20,2,8,4,3,3,0,2020/11/08 12:47:15
Cowlitz County,2020-09-13,58,10,18,14,10,6,0,2020/11/08 12:47:15
Cowlitz County,2020-09-20,38,6,16,12,4,0,0,2020/11/08 12:47:15
Cowlitz County,2020-09-27,29,6,12,8,3,0,0,2020/11/08 12:47:15
Cowlitz County,2020-10-04,31,1,13,9,7,1,0,2020/11/08 12:47:15
Cowlitz County,2020-10-11,37,6,17,11,2,1,0,2020/11/08 12:47:15
Cowlitz County,2020-10-18,28,4,11,7,6,0,0,2020/11/08 12:47:15
Cowlitz County,2020-10-25,50,6,15,19,10,0,0,2020/11/08 12:47:15
Cowlitz County,2020-11-01,46,5,16,14,10,1,0,2020/11/08 12:47:15
Douglas County,2020-03-01,3,0,0,1,1,0,1,2020/11/08 12:47:15
Douglas County,2020-03-08,1,0,0,0,0,1,0,2020/11/08 12:47:15
Douglas County,2020-03-15,1,0,0,0,1,0,0,2020/11/08 12:47:15
Douglas County,2020-03-22,8,3,1,2,0,2,0,2020/11/08 12:47:15
Douglas County,2020-03-29,8,1,6,1,0,0,0,2020/11/08 12:47:15
Douglas County,2020-04-05,8,0,4,1,2,1,0,2020/11/08 12:47:15
Douglas County,2020-04-12,38,2,31,4,0,1,0,2020/11/08 12:47:15
Douglas County,2020-04-19,13,0,6,5,2,0,0,2020/11/08 12:47:15
Douglas County,2020-04-26,23,1,7,8,5,2,0,2020/11/08 12:47:15
Douglas County,2020-05-03,20,3,10,7,0,0,0,2020/11/08 12:47:15
Douglas County,2020-05-10,21,2,6,9,4,0,0,2020/11/08 12:47:15
Douglas County,2020-05-17,23,4,5,12,2,0,0,2020/11/08 12:47:15
Douglas County,2020-05-24,11,1,4,5,1,0,0,2020/11/08 12:47:15
Douglas County,2020-05-31,3,0,1,2,0,0,0,2020/11/08 12:47:15
Douglas County,2020-06-07,13,5,3,4,1,0,0,2020/11/08 12:47:15
Douglas County,2020-06-14,20,4,7,8,1,0,0,2020/11/08 12:47:15
Douglas County,2020-06-21,47,8,23,14,2,0,0,2020/11/08 12:47:15
Douglas County,2020-06-28,87,18,36,30,2,1,0,2020/11/08 12:47:15
Douglas County,2020-07-05,105,27,35,34,8,1,0,2020/11/08 12:47:15
Douglas County,2020-07-12,155,32,56,48,18,1,0,2020/11/08 12:47:15
Douglas County,2020-07-19,144,29,53,46,14,2,0,2020/11/08 12:47:15
Douglas County,2020-07-26,132,22,51,42,14,3,0,2020/11/08 12:47:15
Douglas County,2020-08-02,106,32,38,28,8,0,0,2020/11/08 12:47:15
Douglas County,2020-08-09,80,20,32,22,5,1,0,2020/11/08 12:47:15
Douglas County,2020-08-16,57,9,30,15,1,2,0,2020/11/08 12:47:15
Douglas County,2020-08-23,27,2,14,10,0,1,0,2020/11/08 12:47:15
Douglas County,2020-08-30,9,2,2,3,2,0,0,2020/11/08 12:47:15
Douglas County,2020-09-06,11,1,1,8,1,0,0,2020/11/08 12:47:15
Douglas County,2020-09-13,4,2,1,1,0,0,0,2020/11/08 12:47:15
Douglas County,2020-09-20,14,2,3,7,2,0,0,2020/11/08 12:47:15
Douglas County,2020-09-27,10,1,5,3,1,0,0,2020/11/08 12:47:15
Douglas County,2020-10-04,18,1,13,3,0,1,0,2020/11/08 12:47:15
Douglas County,2020-10-11,6,1,3,1,1,0,0,2020/11/08 12:47:15
Douglas County,2020-10-18,16,2,8,5,1,0,0,2020/11/08 12:47:15
Douglas County,2020-10-25,4,1,2,1,0,0,0,2020/11/08 12:47:15
Douglas County,2020-11-01,9,3,2,1,3,0,0,2020/11/08 12:47:15
Ferry County,2020-03-15,1,0,0,0,1,0,0,2020/11/08 12:47:15
Ferry County,2020-06-28,2,0,0,1,1,0,0,2020/11/08 12:47:15
Ferry County,2020-07-05,4,0,0,3,1,0,0,2020/11/08 12:47:15
Ferry County,2020-07-12,2,0,1,0,1,0,0,2020/11/08 12:47:15
Ferry County,2020-07-19,4,1,2,1,0,0,0,2020/11/08 12:47:15
Ferry County,2020-07-26,7,3,1,2,1,0,0,2020/11/08 12:47:15
Ferry County,2020-08-02,3,2,0,1,0,0,0,2020/11/08 12:47:15
Ferry County,2020-08-16,1,0,1,0,0,0,0,2020/11/08 12:47:15
Ferry County,2020-08-23,3,1,0,0,2,0,0,2020/11/08 12:47:15
Ferry County,2020-08-30,2,0,1,1,0,0,0,2020/11/08 12:47:15
Ferry County,2020-09-20,1,0,1,0,0,0,0,2020/11/08 12:47:15
Ferry County,2020-10-04,1,0,0,0,1,0,0,2020/11/08 12:47:15
Ferry County,2020-10-11,1,0,0,1,0,0,0,2020/11/08 12:47:15
Ferry County,2020-10-18,2,0,0,0,2,0,0,2020/11/08 12:47:15
Ferry County,2020-10-25,2,1,0,0,0,1,0,2020/11/08 12:47:15
Ferry County,2020-11-01,1,0,0,0,0,1,0,2020/11/08 12:47:15
Franklin County,2020-02-09,1,0,0,1,0,0,0,2020/11/08 12:47:15
Franklin County,2020-02-23,1,0,0,0,1,0,0,2020/11/08 12:47:15
Franklin County,2020-03-01,2,0,1,0,1,0,0,2020/11/08 12:47:15
Franklin County,2020-03-08,6,0,2,3,1,0,0,2020/11/08 12:47:15
Franklin County,2020-03-15,18,0,10,6,1,1,0,2020/11/08 12:47:15
Franklin County,2020-03-22,48,1,10,27,10,0,0,2020/11/08 12:47:15
Franklin County,2020-03-29,53,3,16,27,5,2,0,2020/11/08 12:47:15
Franklin County,2020-04-05,64,1,21,26,14,2,0,2020/11/08 12:47:15
Franklin County,2020-04-12,78,3,27,35,6,7,0,2020/11/08 12:47:15
Franklin County,2020-04-19,77,3,21,33,15,5,0,2020/11/08 12:47:15
Franklin County,2020-04-26,73,3,32,28,9,1,0,2020/11/08 12:47:15
Franklin County,2020-05-03,40,0,12,15,10,3,0,2020/11/08 12:47:15
Franklin County,2020-05-10,59,3,26,21,6,3,0,2020/11/08 12:47:15
Franklin County,2020-05-17,94,14,39,31,10,0,0,2020/11/08 12:47:15
Franklin County,2020-05-24,153,22,59,53,18,1,0,2020/11/08 12:47:15
Franklin County,2020-05-31,237,28,81,91,33,4,0,2020/11/08 12:47:15
Franklin County,2020-06-07,261,37,106,85,31,2,0,2020/11/08 12:47:15
Franklin County,2020-06-14,323,38,145,111,27,2,0,2020/11/08 12:47:15
Franklin County,2020-06-21,381,48,155,138,33,6,1,2020/11/08 12:47:15
Franklin County,2020-06-28,417,60,171,134,45,7,0,2020/11/08 12:47:15
Franklin County,2020-07-05,339,56,143,103,33,4,0,2020/11/08 12:47:15
Franklin County,2020-07-12,327,54,157,90,23,3,0,2020/11/08 12:47:15
Franklin County,2020-07-19,255,67,101,71,14,2,0,2020/11/08 12:47:15
Franklin County,2020-07-26,205,50,83,51,19,2,0,2020/11/08 12:47:15
Franklin County,2020-08-02,175,37,67,52,16,3,0,2020/11/08 12:47:15
Franklin County,2020-08-09,159,34,64,42,18,1,0,2020/11/08 12:47:15
Franklin County,2020-08-16,82,18,29,24,10,1,0,2020/11/08 12:47:15
Franklin County,2020-08-23,105,20,46,19,17,3,0,2020/11/08 12:47:15
Franklin County,2020-08-30,84,14,39,22,8,0,1,2020/11/08 12:47:15
Franklin County,2020-09-06,66,12,20,21,10,3,0,2020/11/08 12:47:15
Franklin County,2020-09-13,78,11,42,16,8,1,0,2020/11/08 12:47:15
Franklin County,2020-09-20,106,20,45,30,8,3,0,2020/11/08 12:47:15
Franklin County,2020-09-27,109,23,46,32,8,0,0,2020/11/08 12:47:15
Franklin County,2020-10-04,138,33,59,30,16,0,0,2020/11/08 12:47:15
Franklin County,2020-10-11,121,22,48,39,11,1,0,2020/11/08 12:47:15
Franklin County,2020-10-18,137,30,53,42,12,0,0,2020/11/08 12:47:15
Franklin County,2020-10-25,150,28,69,35,14,4,0,2020/11/08 12:47:15
Franklin County,2020-11-01,120,22,54,31,12,1,0,2020/11/08 12:47:15
Garfield County,2020-06-28,1,0,0,0,1,0,0,2020/11/08 12:47:15
Garfield County,2020-07-05,1,0,1,0,0,0,0,2020/11/08 12:47:15
Garfield County,2020-07-26,1,0,0,0,1,0,0,2020/11/08 12:47:15
Garfield County,2020-08-02,1,0,0,0,1,0,0,2020/11/08 12:47:15
Garfield County,2020-08-30,6,1,4,1,0,0,0,2020/11/08 12:47:15
Garfield County,2020-09-13,2,0,1,1,0,0,0,2020/11/08 12:47:15
Garfield County,2020-09-20,1,0,0,0,0,1,0,2020/11/08 12:47:15
Garfield County,2020-10-04,1,0,0,1,0,0,0,2020/11/08 12:47:15
Garfield County,2020-10-18,11,0,5,1,4,1,0,2020/11/08 12:47:15
Garfield County,2020-10-25,10,0,4,2,4,0,0,2020/11/08 12:47:15
Garfield County,2020-11-01,5,0,1,0,4,0,0,2020/11/08 12:47:15
Grant County,2020-02-16,1,0,0,1,0,0,0,2020/11/08 12:47:15
Grant County,2020-02-23,1,0,0,0,0,1,0,2020/11/08 12:47:15
Grant County,2020-03-01,4,0,1,0,3,0,0,2020/11/08 12:47:15
Grant County,2020-03-08,36,4,12,13,7,0,0,2020/11/08 12:47:15
Grant County,2020-03-15,33,1,8,15,9,0,0,2020/11/08 12:47:15
Grant County,2020-03-22,22,2,9,8,3,0,0,2020/11/08 12:47:15
Grant County,2020-03-29,19,1,11,5,2,0,0,2020/11/08 12:47:15
Grant County,2020-04-05,27,3,8,10,6,0,0,2020/11/08 12:47:15
Grant County,2020-04-12,14,3,4,6,1,0,0,2020/11/08 12:47:15
Grant County,2020-04-19,11,2,7,2,0,0,0,2020/11/08 12:47:15
Grant County,2020-04-26,13,1,8,4,0,0,0,2020/11/08 12:47:15
Grant County,2020-05-03,11,2,5,4,0,0,0,2020/11/08 12:47:15
Grant County,2020-05-10,7,0,4,2,1,0,0,2020/11/08 12:47:15
Grant County,2020-05-17,18,6,9,3,0,0,0,2020/11/08 12:47:15
Grant County,2020-05-24,24,6,8,4,4,2,0,2020/11/08 12:47:15
Grant County,2020-05-31,26,5,11,8,1,1,0,2020/11/08 12:47:15
Grant County,2020-06-07,83,18,30,25,9,1,0,2020/11/08 12:47:15
Grant County,2020-06-14,134,23,58,34,15,4,0,2020/11/08 12:47:15
Grant County,2020-06-21,99,20,34,33,11,1,0,2020/11/08 12:47:15
Grant County,2020-06-28,120,18,52,34,12,4,0,2020/11/08 12:47:15
Grant County,2020-07-05,195,41,81,50,17,6,0,2020/11/08 12:47:15
Grant County,2020-07-12,133,20,65,31,15,2,0,2020/11/08 12:47:15
Grant County,2020-07-19,176,26,77,53,16,4,0,2020/11/08 12:47:15
Grant County,2020-07-26,167,28,68,55,13,3,0,2020/11/08 12:47:15
Grant County,2020-08-02,209,30,93,65,16,5,0,2020/11/08 12:47:15
Grant County,2020-08-09,323,57,156,80,29,1,0,2020/11/08 12:47:15
Grant County,2020-08-16,231,35,109,59,23,5,0,2020/11/08 12:47:15
Grant County,2020-08-23,202,38,87,60,15,2,0,2020/11/08 12:47:15
Grant County,2020-08-30,206,32,109,53,10,2,0,2020/11/08 12:47:15
Grant County,2020-09-06,170,23,88,46,12,1,0,2020/11/08 12:47:15
Grant County,2020-09-13,156,18,72,53,10,3,0,2020/11/08 12:47:15
Grant County,2020-09-20,126,22,53,36,13,2,0,2020/11/08 12:47:15
Grant County,2020-09-27,81,4,39,29,8,1,0,2020/11/08 12:47:15
Grant County,2020-10-04,114,15,41,24,30,4,0,2020/11/08 12:47:15
Grant County,2020-10-11,95,17,27,22,26,3,0,2020/11/08 12:47:15
Grant County,2020-10-18,57,9,23,15,9,1,0,2020/11/08 12:47:15
Grant County,2020-10-25,70,9,30,18,7,6,0,2020/11/08 12:47:15
Grant County,2020-11-01,36,7,14,14,1,0,0,2020/11/08 12:47:15
Grays Harbor County,2020-02-16,1,0,0,0,1,0,0,2020/11/08 12:47:15
Grays Harbor County,2020-02-23,1,0,0,0,1,0,0,2020/11/08 12:47:15
Grays Harbor County,2020-03-01,1,0,0,0,1,0,0,2020/11/08 12:47:15
Grays Harbor County,2020-03-15,1,0,0,1,0,0,0,2020/11/08 12:47:15
Grays Harbor County,2020-03-22,3,0,1,2,0,0,0,2020/11/08 12:47:15
Grays Harbor County,2020-03-29,4,0,0,2,2,0,0,2020/11/08 12:47:15
Grays Harbor County,2020-04-05,1,0,0,0,1,0,0,2020/11/08 12:47:15
Grays Harbor County,2020-04-26,1,0,0,0,0,1,0,2020/11/08 12:47:15
Grays Harbor County,2020-05-03,2,0,0,0,2,0,0,2020/11/08 12:47:15
Grays Harbor County,2020-05-17,2,1,1,0,0,0,0,2020/11/08 12:47:15
Grays Harbor County,2020-05-24,1,0,1,0,0,0,0,2020/11/08 12:47:15
Grays Harbor County,2020-05-31,4,0,3,1,0,0,0,2020/11/08 12:47:15
Grays Harbor County,2020-06-07,1,0,0,1,0,0,0,2020/11/08 12:47:15
Grays Harbor County,2020-06-14,3,1,0,0,2,0,0,2020/11/08 12:47:15
Grays Harbor County,2020-06-21,7,0,4,2,1,0,0,2020/11/08 12:47:15
Grays Harbor County,2020-06-28,17,4,7,5,1,0,0,2020/11/08 12:47:15
Grays Harbor County,2020-07-05,11,1,5,4,0,1,0,2020/11/08 12:47:15
Grays Harbor County,2020-07-12,13,0,5,5,3,0,0,2020/11/08 12:47:15
Grays Harbor County,2020-07-19,18,1,8,5,3,1,0,2020/11/08 12:47:15
Grays Harbor County,2020-07-26,16,2,12,1,0,1,0,2020/11/08 12:47:15
Grays Harbor County,2020-08-02,26,3,8,5,6,4,0,2020/11/08 12:47:15
Grays Harbor County,2020-08-09,43,5,18,14,5,1,0,2020/11/08 12:47:15
Grays Harbor County,2020-08-16,49,6,20,17,4,2,0,2020/11/08 12:47:15
Grays Harbor County,2020-08-23,48,7,15,17,8,1,0,2020/11/08 12:47:15
Grays Harbor County,2020-08-30,57,14,20,12,6,5,0,2020/11/08 12:47:15
Grays Harbor County,2020-09-06,76,23,25,16,6,6,0,2020/11/08 12:47:15
Grays Harbor County,2020-09-13,68,8,23,20,11,6,0,2020/11/08 12:47:15
Grays Harbor County,2020-09-20,52,14,21,13,4,0,0,2020/11/08 12:47:15
Grays Harbor County,2020-09-27,46,10,14,14,7,1,0,2020/11/08 12:47:15
Grays Harbor County,2020-10-04,43,9,12,13,7,2,0,2020/11/08 12:47:15
Grays Harbor County,2020-10-11,49,11,11,16,10,1,0,2020/11/08 12:47:15
Grays Harbor County,2020-10-18,53,15,9,12,15,2,0,2020/11/08 12:47:15
Grays Harbor County,2020-10-25,33,5,4,10,13,1,0,2020/11/08 12:47:15
Grays Harbor County,2020-11-01,35,5,7,12,11,0,0,2020/11/08 12:47:15
Island County,2020-02-23,2,0,0,1,1,0,0,2020/11/08 12:47:15
Island County,2020-03-01,10,0,0,5,5,0,0,2020/11/08 12:47:15
Island County,2020-03-08,25,0,6,8,9,2,0,2020/11/08 12:47:15
Island County,2020-03-15,34,0,9,10,11,4,0,2020/11/08 12:47:15
Island County,2020-03-22,71,3,15,15,14,24,0,2020/11/08 12:47:15
Island County,2020-03-29,22,0,2,8,8,4,0,2020/11/08 12:47:15
Island County,2020-04-05,4,0,1,2,1,0,0,2020/11/08 12:47:15
Island County,2020-04-12,1,0,1,0,0,0,0,2020/11/08 12:47:15
Island County,2020-04-19,3,0,0,0,0,3,0,2020/11/08 12:47:15
Island County,2020-04-26,5,0,1,2,2,0,0,2020/11/08 12:47:15
Island County,2020-05-03,4,0,2,2,0,0,0,2020/11/08 12:47:15
Island County,2020-05-10,1,0,0,0,1,0,0,2020/11/08 12:47:15
Island County,2020-05-17,1,0,1,0,0,0,0,2020/11/08 12:47:15
Island County,2020-05-24,1,0,0,1,0,0,0,2020/11/08 12:47:15
Island County,2020-06-07,3,0,0,2,1,0,0,2020/11/08 12:47:15
Island County,2020-06-14,4,0,2,0,2,0,0,2020/11/08 12:47:15
Island County,2020-06-21,9,2,2,2,3,0,0,2020/11/08 12:47:15
Island County,2020-06-28,5,0,0,3,2,0,0,2020/11/08 12:47:15
Island County,2020-07-05,7,1,4,1,0,1,0,2020/11/08 12:47:15
Island County,2020-07-12,9,1,5,2,0,1,0,2020/11/08 12:47:15
Island County,2020-07-19,16,4,5,6,1,0,0,2020/11/08 12:47:15
Island County,2020-07-26,9,1,5,1,1,1,0,2020/11/08 12:47:15
Island County,2020-08-02,6,2,3,0,0,1,0,2020/11/08 12:47:15
Island County,2020-08-09,10,2,2,4,2,0,0,2020/11/08 12:47:15
Island County,2020-08-16,6,2,4,0,0,0,0,2020/11/08 12:47:15
Island County,2020-08-23,4,0,2,1,1,0,0,2020/11/08 12:47:15
Island County,2020-08-30,3,0,2,0,0,1,0,2020/11/08 12:47:15
Island County,2020-09-06,13,2,6,2,3,0,0,2020/11/08 12:47:15
Island County,2020-09-13,17,2,7,5,2,1,0,2020/11/08 12:47:15
Island County,2020-09-20,10,1,4,3,1,1,0,2020/11/08 12:47:15
Island County,2020-09-27,12,2,5,4,1,0,0,2020/11/08 12:47:15
Island County,2020-10-04,22,3,13,4,1,1,0,2020/11/08 12:47:15
Island County,2020-10-11,24,4,7,5,7,1,0,2020/11/08 12:47:15
Island County,2020-10-18,20,3,6,7,4,0,0,2020/11/08 12:47:15
Island County,2020-10-25,23,3,7,11,2,0,0,2020/11/08 12:47:15
Island County,2020-11-01,16,2,7,2,3,2,0,2020/11/08 12:47:15
Jefferson County,2020-02-23,2,0,0,1,1,0,0,2020/11/08 12:47:15
Jefferson County,2020-03-01,4,0,2,0,2,0,0,2020/11/08 12:47:15
Jefferson County,2020-03-08,10,0,3,3,4,0,0,2020/11/08 12:47:15
Jefferson County,2020-03-15,9,0,2,1,5,1,0,2020/11/08 12:47:15
Jefferson County,2020-03-22,3,0,0,1,1,1,0,2020/11/08 12:47:15
Jefferson County,2020-03-29,2,0,0,0,2,0,0,2020/11/08 12:47:15
Jefferson County,2020-05-31,1,1,0,0,0,0,0,2020/11/08 12:47:15
Jefferson County,2020-06-07,1,0,0,0,1,0,0,2020/11/08 12:47:15
Jefferson County,2020-06-14,3,0,1,1,1,0,0,2020/11/08 12:47:15
Jefferson County,2020-06-21,3,1,0,0,2,0,0,2020/11/08 12:47:15
Jefferson County,2020-06-28,4,0,2,1,1,0,0,2020/11/08 12:47:15
Jefferson County,2020-07-05,3,0,2,1,0,0,0,2020/11/08 12:47:15
Jefferson County,2020-07-12,5,4,0,0,1,0,0,2020/11/08 12:47:15
Jefferson County,2020-07-19,2,0,0,0,2,0,0,2020/11/08 12:47:15
Jefferson County,2020-07-26,3,1,0,1,1,0,0,2020/11/08 12:47:15
Jefferson County,2020-08-02,2,0,0,0,2,0,0,2020/11/08 12:47:15
Jefferson County,2020-08-09,5,0,2,1,0,2,0,2020/11/08 12:47:15
Jefferson County,2020-08-16,7,2,2,0,3,0,0,2020/11/08 12:47:15
Jefferson County,2020-08-23,1,0,0,1,0,0,0,2020/11/08 12:47:15
Jefferson County,2020-09-06,1,0,0,0,1,0,0,2020/11/08 12:47:15
Jefferson County,2020-09-27,5,0,1,2,2,0,0,2020/11/08 12:47:15
Jefferson County,2020-10-04,7,0,0,4,3,0,0,2020/11/08 12:47:15
Jefferson County,2020-10-11,2,0,1,0,1,0,0,2020/11/08 12:47:15
Jefferson County,2020-10-18,1,0,0,0,1,0,0,2020/11/08 12:47:15
Jefferson County,2020-10-25,3,1,0,1,0,1,0,2020/11/08 12:47:15
Jefferson County,2020-11-01,3,2,1,0,0,0,0,2020/11/08 12:47:15
King County,2020-02-02,3,0,1,2,0,0,0,2020/11/08 12:47:15
King County,2020-02-09,5,0,2,1,2,0,0,2020/11/08 12:47:15
King County,2020-02-16,46,1,8,11,20,6,0,2020/11/08 12:47:15
King County,2020-02-23,115,2,17,30,45,21,0,2020/11/08 12:47:15
King County,2020-03-01,295,1,60,81,99,54,0,2020/11/08 12:47:15
King County,2020-03-08,787,19,201,231,232,104,0,2020/11/08 12:47:15
King County,2020-03-15,1045,12,327,374,242,90,0,2020/11/08 12:47:15
King County,2020-03-22,1101,19,312,402,237,131,0,2020/11/08 12:47:15
King County,2020-03-29,994,36,294,338,226,99,1,2020/11/08 12:47:15
King County,2020-04-05,805,33,214,283,187,87,1,2020/11/08 12:47:15
King County,2020-04-12,739,41,250,240,145,63,0,2020/11/08 12:47:15
King County,2020-04-19,617,34,214,196,127,46,0,2020/11/08 12:47:15
King County,2020-04-26,584,43,207,204,83,47,0,2020/11/08 12:47:15
King County,2020-05-03,423,42,161,120,64,36,0,2020/11/08 12:47:15
King County,2020-05-10,416,47,139,129,73,28,0,2020/11/08 12:47:15
King County,2020-05-17,326,50,109,96,47,24,0,2020/11/08 12:47:15
King County,2020-05-24,320,41,140,85,29,25,0,2020/11/08 12:47:15
King County,2020-05-31,264,38,110,72,35,8,1,2020/11/08 12:47:15
King County,2020-06-07,389,43,178,91,53,24,0,2020/11/08 12:47:15
King County,2020-06-14,617,83,296,162,50,26,0,2020/11/08 12:47:15
King County,2020-06-21,897,164,463,187,66,17,0,2020/11/08 12:47:15
King County,2020-06-28,1182,223,616,236,85,21,1,2020/11/08 12:47:15
King County,2020-07-05,1176,191,590,259,121,14,1,2020/11/08 12:47:15
King County,2020-07-12,1182,180,538,327,108,28,1,2020/11/08 12:47:15
King County,2020-07-19,1119,188,476,290,143,22,0,2020/11/08 12:47:15
King County,2020-07-26,1023,193,402,249,129,49,1,2020/11/08 12:47:15
King County,2020-08-02,1021,233,368,280,116,24,0,2020/11/08 12:47:15
King County,2020-08-09,966,172,371,276,115,32,0,2020/11/08 12:47:15
King County,2020-08-16,786,149,327,197,92,21,0,2020/11/08 12:47:15
King County,2020-08-23,732,162,289,195,72,14,0,2020/11/08 12:47:15
King County,2020-08-30,654,121,285,158,69,21,0,2020/11/08 12:47:15
King County,2020-09-06,555,112,223,157,53,10,0,2020/11/08 12:47:15
King County,2020-09-13,589,93,273,157,55,11,0,2020/11/08 12:47:15
King County,2020-09-20,752,115,310,225,86,16,0,2020/11/08 12:47:15
King County,2020-09-27,1040,263,425,234,102,16,0,2020/11/08 12:47:15
King County,2020-10-04,1072,200,451,299,103,17,2,2020/11/08 12:47:15
King County,2020-10-11,1120,202,508,279,117,14,0,2020/11/08 12:47:15
King County,2020-10-18,1362,216,589,374,142,41,0,2020/11/08 12:47:15
King County,2020-10-25,1823,316,872,459,158,18,0,2020/11/08 12:47:15
King County,2020-11-01,1912,323,890,479,197,23,0,2020/11/08 12:47:15
Kitsap County,2020-02-16,1,0,1,0,0,0,0,2020/11/08 12:47:15
Kitsap County,2020-02-23,1,0,0,0,1,0,0,2020/11/08 12:47:15
Kitsap County,2020-03-01,6,0,1,5,0,0,0,2020/11/08 12:47:15
Kitsap County,2020-03-08,22,2,5,9,6,0,0,2020/11/08 12:47:15
Kitsap County,2020-03-15,34,1,7,17,8,1,0,2020/11/08 12:47:15
Kitsap County,2020-03-22,36,1,10,17,6,2,0,2020/11/08 12:47:15
Kitsap County,2020-03-29,27,1,11,7,6,2,0,2020/11/08 12:47:15
Kitsap County,2020-04-05,11,0,2,6,3,0,0,2020/11/08 12:47:15
Kitsap County,2020-04-12,9,1,4,3,0,1,0,2020/11/08 12:47:15
Kitsap County,2020-04-19,3,0,2,1,0,0,0,2020/11/08 12:47:15
Kitsap County,2020-04-26,3,1,1,0,1,0,0,2020/11/08 12:47:15
Kitsap County,2020-05-03,2,0,0,1,1,0,0,2020/11/08 12:47:15
Kitsap County,2020-05-10,5,0,4,1,0,0,0,2020/11/08 12:47:15
Kitsap County,2020-05-17,1,0,0,1,0,0,0,2020/11/08 12:47:15
Kitsap County,2020-05-24,4,0,1,3,0,0,0,2020/11/08 12:47:15
Kitsap County,2020-05-31,12,3,4,4,1,0,0,2020/11/08 12:47:15
Kitsap County,2020-06-07,11,1,4,2,3,1,0,2020/11/08 12:47:15
Kitsap County,2020-06-14,25,2,10,10,2,1,0,2020/11/08 12:47:15
Kitsap County,2020-06-21,43,6,20,9,6,2,0,2020/11/08 12:47:15
Kitsap County,2020-06-28,57,4,27,11,13,2,0,2020/11/08 12:47:15
Kitsap County,2020-07-05,88,14,45,14,12,3,0,2020/11/08 12:47:15
Kitsap County,2020-07-12,120,24,60,18,14,4,0,2020/11/08 12:47:15
Kitsap County,2020-07-19,107,21,49,24,11,1,1,2020/11/08 12:47:15
Kitsap County,2020-07-26,102,15,45,31,11,0,0,2020/11/08 12:47:15
Kitsap County,2020-08-02,69,7,33,16,13,0,0,2020/11/08 12:47:15
Kitsap County,2020-08-09,87,16,34,26,9,2,0,2020/11/08 12:47:15
Kitsap County,2020-08-16,83,5,26,32,16,4,0,2020/11/08 12:47:15
Kitsap County,2020-08-23,69,5,25,24,14,1,0,2020/11/08 12:47:15
Kitsap County,2020-08-30,39,4,15,14,3,3,0,2020/11/08 12:47:15
Kitsap County,2020-09-06,52,12,15,13,9,3,0,2020/11/08 12:47:15
Kitsap County,2020-09-13,55,8,22,13,8,4,0,2020/11/08 12:47:15
Kitsap County,2020-09-20,73,10,21,20,16,6,0,2020/11/08 12:47:15
Kitsap County,2020-09-27,85,11,28,22,19,5,0,2020/11/08 12:47:15
Kitsap County,2020-10-04,58,14,13,16,12,3,0,2020/11/08 12:47:15
Kitsap County,2020-10-11,67,9,24,24,6,3,1,2020/11/08 12:47:15
Kitsap County,2020-10-18,62,13,22,19,8,0,0,2020/11/08 12:47:15
Kitsap County,2020-10-25,126,32,33,43,17,1,0,2020/11/08 12:47:15
Kitsap County,2020-11-01,71,11,19,18,17,6,0,2020/11/08 12:47:15
Kittitas County,2020-01-26,1,0,0,0,1,0,0,2020/11/08 12:47:15
Kittitas County,2020-02-16,3,0,0,0,3,0,0,2020/11/08 12:47:15
Kittitas County,2020-03-08,2,0,0,2,0,0,0,2020/11/08 12:47:15
Kittitas County,2020-03-15,5,0,2,2,1,0,0,2020/11/08 12:47:15
Kittitas County,2020-03-22,2,0,1,1,0,0,0,2020/11/08 12:47:15
Kittitas County,2020-03-29,2,0,1,0,1,0,0,2020/11/08 12:47:15
Kittitas County,2020-04-05,1,0,0,0,1,0,0,2020/11/08 12:47:15
Kittitas County,2020-04-19,1,0,1,0,0,0,0,2020/11/08 12:47:15
Kittitas County,2020-04-26,3,0,1,2,0,0,0,2020/11/08 12:47:15
Kittitas County,2020-05-03,30,1,17,8,4,0,0,2020/11/08 12:47:15
Kittitas County,2020-05-10,19,5,5,8,1,0,0,2020/11/08 12:47:15
Kittitas County,2020-05-17,16,7,4,5,0,0,0,2020/11/08 12:47:15
Kittitas County,2020-05-24,6,2,3,0,1,0,0,2020/11/08 12:47:15
Kittitas County,2020-05-31,1,0,1,0,0,0,0,2020/11/08 12:47:15
Kittitas County,2020-06-07,6,1,4,0,1,0,0,2020/11/08 12:47:15
Kittitas County,2020-06-14,22,3,9,8,1,1,0,2020/11/08 12:47:15
Kittitas County,2020-06-21,47,4,27,7,8,1,0,2020/11/08 12:47:15
Kittitas County,2020-06-28,35,2,27,4,2,0,0,2020/11/08 12:47:15
Kittitas County,2020-07-05,53,5,27,11,7,3,0,2020/11/08 12:47:15
Kittitas County,2020-07-12,81,3,24,15,18,21,0,2020/11/08 12:47:15
Kittitas County,2020-07-19,55,3,18,7,12,15,0,2020/11/08 12:47:15
Kittitas County,2020-07-26,27,2,8,5,4,8,0,2020/11/08 12:47:15
Kittitas County,2020-08-02,32,6,19,5,1,1,0,2020/11/08 12:47:15
Kittitas County,2020-08-09,9,2,5,2,0,0,0,2020/11/08 12:47:15
Kittitas County,2020-08-16,6,1,4,1,0,0,0,2020/11/08 12:47:15
Kittitas County,2020-08-23,6,1,3,2,0,0,0,2020/11/08 12:47:15
Kittitas County,2020-08-30,17,1,9,2,3,2,0,2020/11/08 12:47:15
Kittitas County,2020-09-06,17,7,5,3,2,0,0,2020/11/08 12:47:15
Kittitas County,2020-09-13,34,15,15,2,1,1,0,2020/11/08 12:47:15
Kittitas County,2020-09-20,25,7,15,3,0,0,0,2020/11/08 12:47:15
Kittitas County,2020-09-27,49,19,21,4,3,2,0,2020/11/08 12:47:15
Kittitas County,2020-10-04,61,29,28,2,1,1,0,2020/11/08 12:47:15
Kittitas County,2020-10-11,49,28,15,3,2,1,0,2020/11/08 12:47:15
Kittitas County,2020-10-18,42,17,14,7,3,1,0,2020/11/08 12:47:15
Kittitas County,2020-10-25,13,4,4,4,0,1,0,2020/11/08 12:47:15
Kittitas County,2020-11-01,3,0,0,1,2,0,0,2020/11/08 12:47:15
Klickitat County,2020-03-01,2,0,0,1,1,0,0,2020/11/08 12:47:15
Klickitat County,2020-03-15,6,0,0,0,6,0,0,2020/11/08 12:47:15
Klickitat County,2020-03-22,2,0,1,0,0,1,0,2020/11/08 12:47:15
Klickitat County,2020-03-29,2,1,0,0,1,0,0,2020/11/08 12:47:15
Klickitat County,2020-04-05,4,0,1,0,1,2,0,2020/11/08 12:47:15
Klickitat County,2020-04-19,2,0,0,1,1,0,0,2020/11/08 12:47:15
Klickitat County,2020-04-26,3,0,1,1,1,0,0,2020/11/08 12:47:15
Klickitat County,2020-05-03,3,1,0,2,0,0,0,2020/11/08 12:47:15
Klickitat County,2020-05-10,1,0,0,0,1,0,0,2020/11/08 12:47:15
Klickitat County,2020-05-17,1,0,1,0,0,0,0,2020/11/08 12:47:15
Klickitat County,2020-05-24,3,1,1,1,0,0,0,2020/11/08 12:47:15
Klickitat County,2020-05-31,14,1,7,3,3,0,0,2020/11/08 12:47:15
Klickitat County,2020-06-07,10,3,3,2,2,0,0,2020/11/08 12:47:15
Klickitat County,2020-06-14,5,1,0,3,1,0,0,2020/11/08 12:47:15
Klickitat County,2020-06-21,11,3,3,3,2,0,0,2020/11/08 12:47:15
Klickitat County,2020-06-28,15,4,7,3,0,1,0,2020/11/08 12:47:15
Klickitat County,2020-07-05,3,1,2,0,0,0,0,2020/11/08 12:47:15
Klickitat County,2020-07-12,10,2,2,3,2,1,0,2020/11/08 12:47:15
Klickitat County,2020-07-19,9,1,2,6,0,0,0,2020/11/08 12:47:15
Klickitat County,2020-07-26,11,2,2,5,1,1,0,2020/11/08 12:47:15
Klickitat County,2020-08-02,17,4,8,4,1,0,0,2020/11/08 12:47:15
Klickitat County,2020-08-09,27,2,17,6,2,0,0,2020/11/08 12:47:15
Klickitat County,2020-08-16,13,2,4,5,2,0,0,2020/11/08 12:47:15
Klickitat County,2020-08-23,10,2,5,3,0,0,0,2020/11/08 12:47:15
Klickitat County,2020-09-06,5,4,1,0,0,0,0,2020/11/08 12:47:15
Klickitat County,2020-09-13,4,0,3,0,1,0,0,2020/11/08 12:47:15
Klickitat County,2020-09-20,2,0,1,1,0,0,0,2020/11/08 12:47:15
Klickitat County,2020-09-27,4,1,0,1,2,0,0,2020/11/08 12:47:15
Klickitat County,2020-10-04,5,0,2,1,2,0,0,2020/11/08 12:47:15
Klickitat County,2020-10-11,2,0,0,1,1,0,0,2020/11/08 12:47:15
Klickitat County,2020-10-18,3,0,2,0,1,0,0,2020/11/08 12:47:15
Klickitat County,2020-10-25,5,1,0,4,0,0,0,2020/11/08 12:47:15
Klickitat County,2020-11-01,6,2,1,2,1,0,0,2020/11/08 12:47:15
Lewis County,2020-03-08,3,0,1,1,0,1,0,2020/11/08 12:47:15
Lewis County,2020-03-15,10,0,2,2,4,2,0,2020/11/08 12:47:15
Lewis County,2020-03-22,4,0,1,0,2,1,0,2020/11/08 12:47:15
Lewis County,2020-03-29,2,0,0,1,1,0,0,2020/11/08 12:47:15
Lewis County,2020-04-05,3,0,1,1,1,0,0,2020/11/08 12:47:15
Lewis County,2020-04-12,1,0,1,0,0,0,0,2020/11/08 12:47:15
Lewis County,2020-04-19,5,0,0,2,3,0,0,2020/11/08 12:47:15
Lewis County,2020-04-26,1,0,0,1,0,0,0,2020/11/08 12:47:15
Lewis County,2020-05-03,1,0,0,1,0,0,0,2020/11/08 12:47:15
Lewis County,2020-05-10,4,0,1,3,0,0,0,2020/11/08 12:47:15
Lewis County,2020-05-24,2,0,1,1,0,0,0,2020/11/08 12:47:15
Lewis County,2020-06-07,5,0,1,1,2,1,0,2020/11/08 12:47:15
Lewis County,2020-06-14,18,0,11,7,0,0,0,2020/11/08 12:47:15
Lewis County,2020-06-21,23,1,7,11,4,0,0,2020/11/08 12:47:15
Lewis County,2020-06-28,19,3,6,4,5,1,0,2020/11/08 12:47:15
Lewis County,2020-07-05,26,2,6,11,5,2,0,2020/11/08 12:47:15
Lewis County,2020-07-12,29,4,9,13,2,1,0,2020/11/08 12:47:15
Lewis County,2020-07-19,29,6,18,5,0,0,0,2020/11/08 12:47:15
Lewis County,2020-07-26,25,9,11,2,2,1,0,2020/11/08 12:47:15
Lewis County,2020-08-02,40,6,16,11,3,4,0,2020/11/08 12:47:15
Lewis County,2020-08-09,53,10,22,19,1,1,0,2020/11/08 12:47:15
Lewis County,2020-08-16,28,4,13,9,0,2,0,2020/11/08 12:47:15
Lewis County,2020-08-23,25,3,10,8,2,2,0,2020/11/08 12:47:15
Lewis County,2020-08-30,56,6,28,13,8,1,0,2020/11/08 12:47:15
Lewis County,2020-09-06,44,3,21,11,8,1,0,2020/11/08 12:47:15
Lewis County,2020-09-13,37,3,10,10,6,8,0,2020/11/08 12:47:15
Lewis County,2020-09-20,79,4,20,19,24,12,0,2020/11/08 12:47:15
Lewis County,2020-09-27,44,6,9,12,13,4,0,2020/11/08 12:47:15
Lewis County,2020-10-04,34,6,5,10,11,2,0,2020/11/08 12:47:15
Lewis County,2020-10-11,41,4,13,12,10,2,0,2020/11/08 12:47:15
Lewis County,2020-10-18,45,9,15,18,2,1,0,2020/11/08 12:47:15
Lewis County,2020-10-25,39,6,14,10,9,0,0,2020/11/08 12:47:15
Lewis County,2020-11-01,16,3,2,4,6,1,0,2020/11/08 12:47:15
Lincoln County,2020-03-01,1,0,0,0,1,0,0,2020/11/08 12:47:15
Lincoln County,2020-04-05,1,0,0,0,1,0,0,2020/11/08 12:47:15
Lincoln County,2020-06-14,2,0,0,0,2,0,0,2020/11/08 12:47:15
Lincoln County,2020-07-12,3,0,1,1,1,0,0,2020/11/08 12:47:15
Lincoln County,2020-07-19,5,1,2,0,2,0,0,2020/11/08 12:47:15
Lincoln County,2020-07-26,8,2,1,3,2,0,0,2020/11/08 12:47:15
Lincoln County,2020-08-02,10,2,3,2,1,0,2,2020/11/08 12:47:15
Lincoln County,2020-08-09,1,0,0,0,1,0,0,2020/11/08 12:47:15
Lincoln County,2020-08-23,1,0,1,0,0,0,0,2020/11/08 12:47:15
Lincoln County,2020-08-30,3,0,1,2,0,0,0,2020/11/08 12:47:15
Lincoln County,2020-09-06,5,2,0,1,2,0,0,2020/11/08 12:47:15
Lincoln County,2020-09-13,3,1,0,2,0,0,0,2020/11/08 12:47:15
Lincoln County,2020-09-20,8,1,3,2,1,0,1,2020/11/08 12:47:15
Lincoln County,2020-09-27,12,3,3,4,1,0,1,2020/11/08 12:47:15
Lincoln County,2020-10-04,1,0,0,1,0,0,0,2020/11/08 12:47:15
Lincoln County,2020-10-11,8,0,0,3,5,0,0,2020/11/08 12:47:15
Lincoln County,2020-10-18,9,0,3,2,4,0,0,2020/11/08 12:47:15
Lincoln County,2020-10-25,2,0,0,2,0,0,0,2020/11/08 12:47:15
Lincoln County,2020-11-01,2,0,0,2,0,0,0,2020/11/08 12:47:15
Mason County,2020-03-01,1,0,0,0,1,0,0,2020/11/08 12:47:15
Mason County,2020-03-08,1,0,0,0,1,0,0,2020/11/08 12:47:15
Mason County,2020-03-15,7,0,1,3,2,1,0,2020/11/08 12:47:15
Mason County,2020-03-22,6,0,0,3,3,0,0,2020/11/08 12:47:15
Mason County,2020-03-29,6,1,1,2,2,0,0,2020/11/08 12:47:15
Mason County,2020-04-05,2,0,0,1,1,0,0,2020/11/08 12:47:15
Mason County,2020-04-12,3,0,0,2,0,1,0,2020/11/08 12:47:15
Mason County,2020-04-19,2,0,2,0,0,0,0,2020/11/08 12:47:15
Mason County,2020-04-26,3,0,3,0,0,0,0,2020/11/08 12:47:15
Mason County,2020-05-03,1,0,0,0,1,0,0,2020/11/08 12:47:15
Mason County,2020-05-10,3,0,1,2,0,0,0,2020/11/08 12:47:15
Mason County,2020-05-17,2,0,1,0,1,0,0,2020/11/08 12:47:15
Mason County,2020-05-24,2,0,0,2,0,0,0,2020/11/08 12:47:15
Mason County,2020-05-31,2,1,0,1,0,0,0,2020/11/08 12:47:15
Mason County,2020-06-07,3,0,0,1,2,0,0,2020/11/08 12:47:15
Mason County,2020-06-14,4,0,2,2,0,0,0,2020/11/08 12:47:15
Mason County,2020-06-21,7,0,3,4,0,0,0,2020/11/08 12:47:15
Mason County,2020-06-28,10,0,2,6,2,0,0,2020/11/08 12:47:15
Mason County,2020-07-05,16,3,4,7,2,0,0,2020/11/08 12:47:15
Mason County,2020-07-12,16,0,7,7,2,0,0,2020/11/08 12:47:15
Mason County,2020-07-19,46,5,24,14,2,1,0,2020/11/08 12:47:15
Mason County,2020-07-26,49,14,24,10,1,0,0,2020/11/08 12:47:15
Mason County,2020-08-02,53,18,27,5,3,0,0,2020/11/08 12:47:15
Mason County,2020-08-09,31,8,12,7,4,0,0,2020/11/08 12:47:15
Mason County,2020-08-16,28,4,11,6,4,3,0,2020/11/08 12:47:15
Mason County,2020-08-23,28,11,4,5,6,2,0,2020/11/08 12:47:15
Mason County,2020-08-30,17,2,7,6,2,0,0,2020/11/08 12:47:15
Mason County,2020-09-06,14,3,7,1,2,1,0,2020/11/08 12:47:15
Mason County,2020-09-13,23,3,8,2,8,2,0,2020/11/08 12:47:15
Mason County,2020-09-20,29,2,10,10,3,4,0,2020/11/08 12:47:15
Mason County,2020-09-27,44,7,7,12,13,5,0,2020/11/08 12:47:15
Mason County,2020-10-04,30,6,12,8,4,0,0,2020/11/08 12:47:15
Mason County,2020-10-11,16,4,5,3,4,0,0,2020/11/08 12:47:15
Mason County,2020-10-18,25,3,8,10,4,0,0,2020/11/08 12:47:15
Mason County,2020-10-25,21,2,7,7,4,1,0,2020/11/08 12:47:15
Mason County,2020-11-01,19,3,6,5,5,0,0,2020/11/08 12:47:15
Okanogan County,2020-03-08,3,0,0,2,1,0,0,2020/11/08 12:47:15
Okanogan County,2020-03-15,1,0,0,0,1,0,0,2020/11/08 12:47:15
Okanogan County,2020-03-22,4,1,1,0,2,0,0,2020/11/08 12:47:15
Okanogan County,2020-03-29,4,2,1,1,0,0,0,2020/11/08 12:47:15
Okanogan County,2020-04-05,2,1,0,1,0,0,0,2020/11/08 12:47:15
Okanogan County,2020-04-12,3,0,0,2,1,0,0,2020/11/08 12:47:15
Okanogan County,2020-04-19,6,0,2,2,2,0,0,2020/11/08 12:47:15
Okanogan County,2020-04-26,1,1,0,0,0,0,0,2020/11/08 12:47:15
Okanogan County,2020-05-03,11,0,7,3,1,0,0,2020/11/08 12:47:15
Okanogan County,2020-05-10,10,4,5,1,0,0,0,2020/11/08 12:47:15
Okanogan County,2020-05-17,1,1,0,0,0,0,0,2020/11/08 12:47:15
Okanogan County,2020-05-24,9,1,5,3,0,0,0,2020/11/08 12:47:15
Okanogan County,2020-05-31,12,3,3,4,2,0,0,2020/11/08 12:47:15
Okanogan County,2020-06-07,12,1,2,5,4,0,0,2020/11/08 12:47:15
Okanogan County,2020-06-14,10,0,6,0,4,0,0,2020/11/08 12:47:15
Okanogan County,2020-06-21,23,1,18,4,0,0,0,2020/11/08 12:47:15
Okanogan County,2020-06-28,72,15,37,14,5,1,0,2020/11/08 12:47:15
Okanogan County,2020-07-05,129,21,54,43,11,0,0,2020/11/08 12:47:15
Okanogan County,2020-07-12,195,37,66,66,24,2,0,2020/11/08 12:47:15
Okanogan County,2020-07-19,211,43,79,63,25,1,0,2020/11/08 12:47:15
Okanogan County,2020-07-26,125,27,50,29,16,3,0,2020/11/08 12:47:15
Okanogan County,2020-08-02,95,16,39,29,11,0,0,2020/11/08 12:47:15
Okanogan County,2020-08-09,57,6,25,12,12,2,0,2020/11/08 12:47:15
Okanogan County,2020-08-16,49,5,25,14,5,0,0,2020/11/08 12:47:15
Okanogan County,2020-08-23,27,2,11,10,4,0,0,2020/11/08 12:47:15
Okanogan County,2020-08-30,8,0,3,2,1,2,0,2020/11/08 12:47:15
Okanogan County,2020-09-06,1,1,0,0,0,0,0,2020/11/08 12:47:15
Okanogan County,2020-09-13,2,0,0,2,0,0,0,2020/11/08 12:47:15
Okanogan County,2020-09-20,5,1,2,2,0,0,0,2020/11/08 12:47:15
Okanogan County,2020-09-27,5,0,0,2,2,0,1,2020/11/08 12:47:15
Okanogan County,2020-10-04,4,1,1,1,1,0,0,2020/11/08 12:47:15
Okanogan County,2020-10-11,7,1,2,4,0,0,0,2020/11/08 12:47:15
Okanogan County,2020-10-18,14,2,7,2,2,1,0,2020/11/08 12:47:15
Okanogan County,2020-10-25,17,6,7,4,0,0,0,2020/11/08 12:47:15
Okanogan County,2020-11-01,6,1,2,3,0,0,0,2020/11/08 12:47:15
Pacific County,2020-03-29,2,0,1,0,1,0,0,2020/11/08 12:47:15
Pacific County,2020-04-05,1,0,0,1,0,0,0,2020/11/08 12:47:15
Pacific County,2020-04-19,1,0,0,0,1,0,0,2020/11/08 12:47:15
Pacific County,2020-04-26,2,0,0,2,0,0,0,2020/11/08 12:47:15
Pacific County,2020-05-03,3,0,1,2,0,0,0,2020/11/08 12:47:15
Pacific County,2020-05-31,1,0,0,1,0,0,0,2020/11/08 12:47:15
Pacific County,2020-06-07,2,0,2,0,0,0,0,2020/11/08 12:47:15
Pacific County,2020-06-21,5,2,3,0,0,0,0,2020/11/08 12:47:15
Pacific County,2020-06-28,1,0,1,0,0,0,0,2020/11/08 12:47:15
Pacific County,2020-07-12,9,1,0,3,5,0,0,2020/11/08 12:47:15
Pacific County,2020-07-19,7,0,2,1,3,1,0,2020/11/08 12:47:15
Pacific County,2020-07-26,10,3,2,1,4,0,0,2020/11/08 12:47:15
Pacific County,2020-08-02,11,2,1,2,3,3,0,2020/11/08 12:47:15
Pacific County,2020-08-09,4,0,1,1,2,0,0,2020/11/08 12:47:15
Pacific County,2020-08-23,2,0,0,1,1,0,0,2020/11/08 12:47:15
Pacific County,2020-08-30,9,4,2,2,1,0,0,2020/11/08 12:47:15
Pacific County,2020-09-06,8,1,2,2,2,1,0,2020/11/08 12:47:15
Pacific County,2020-09-13,2,0,1,0,1,0,0,2020/11/08 12:47:15
Pacific County,2020-09-20,7,4,2,0,1,0,0,2020/11/08 12:47:15
Pacific County,2020-09-27,6,1,1,2,2,0,0,2020/11/08 12:47:15
Pacific County,2020-10-04,13,2,3,4,4,0,0,2020/11/08 12:47:15
Pacific County,2020-10-11,9,2,5,1,1,0,0,2020/11/08 12:47:15
Pacific County,2020-10-18,5,3,1,0,1,0,0,2020/11/08 12:47:15
Pacific County,2020-10-25,3,0,0,2,1,0,0,2020/11/08 12:47:15
Pacific County,2020-11-01,9,2,0,3,4,0,0,2020/11/08 12:47:15
Pend Oreille County,2020-03-15,1,0,0,0,0,1,0,2020/11/08 12:47:15
Pend Oreille County,2020-04-05,1,0,0,1,0,0,0,2020/11/08 12:47:15
Pend Oreille County,2020-05-17,1,0,1,0,0,0,0,2020/11/08 12:47:15
Pend Oreille County,2020-06-21,3,0,1,0,2,0,0,2020/11/08 12:47:15
Pend Oreille County,2020-06-28,2,1,0,1,0,0,0,2020/11/08 12:47:15
Pend Oreille County,2020-07-05,9,0,5,0,4,0,0,2020/11/08 12:47:15
Pend Oreille County,2020-07-12,9,3,1,5,0,0,0,2020/11/08 12:47:15
Pend Oreille County,2020-07-19,10,4,3,2,1,0,0,2020/11/08 12:47:15
Pend Oreille County,2020-07-26,3,0,1,0,2,0,0,2020/11/08 12:47:15
Pend Oreille County,2020-08-02,7,2,1,4,0,0,0,2020/11/08 12:47:15
Pend Oreille County,2020-08-09,5,1,4,0,0,0,0,2020/11/08 12:47:15
Pend Oreille County,2020-08-16,2,0,0,1,1,0,0,2020/11/08 12:47:15
Pend Oreille County,2020-08-23,2,0,0,1,1,0,0,2020/11/08 12:47:15
Pend Oreille County,2020-08-30,1,0,0,0,1,0,0,2020/11/08 12:47:15
Pend Oreille County,2020-09-06,2,1,0,1,0,0,0,2020/11/08 12:47:15
Pend Oreille County,2020-09-13,1,0,0,1,0,0,0,2020/11/08 12:47:15
Pend Oreille County,2020-09-20,8,4,1,2,1,0,0,2020/11/08 12:47:15
Pend Oreille County,2020-09-27,28,4,6,8,7,3,0,2020/11/08 12:47:15
Pend Oreille County,2020-10-04,27,5,3,4,14,1,0,2020/11/08 12:47:15
Pend Oreille County,2020-10-11,15,0,2,7,5,1,0,2020/11/08 12:47:15
Pend Oreille County,2020-10-18,7,1,1,1,4,0,0,2020/11/08 12:47:15
Pend Oreille County,2020-10-25,11,1,2,5,2,1,0,2020/11/08 12:47:15
Pend Oreille County,2020-11-01,6,1,3,2,0,0,0,2020/11/08 12:47:15
Pierce County,2020-01-16,1,0,0,1,0,0,0,2020/11/08 12:47:15
Pierce County,2020-02-16,2,0,1,1,0,0,0,2020/11/08 12:47:15
Pierce County,2020-02-23,11,2,1,6,2,0,0,2020/11/08 12:47:15
Pierce County,2020-03-01,38,0,7,14,16,1,0,2020/11/08 12:47:15
Pierce County,2020-03-08,106,4,27,37,31,7,0,2020/11/08 12:47:15
Pierce County,2020-03-15,224,7,67,86,58,6,0,2020/11/08 12:47:15
Pierce County,2020-03-22,243,6,62,101,63,11,0,2020/11/08 12:47:15
Pierce County,2020-03-29,281,10,87,92,68,24,0,2020/11/08 12:47:15
Pierce County,2020-04-05,189,13,56,72,35,13,0,2020/11/08 12:47:15
Pierce County,2020-04-12,198,3,52,86,47,10,0,2020/11/08 12:47:15
Pierce County,2020-04-19,163,12,50,63,27,11,0,2020/11/08 12:47:15
Pierce County,2020-04-26,154,15,56,57,19,7,0,2020/11/08 12:47:15
Pierce County,2020-05-03,145,11,48,51,24,11,0,2020/11/08 12:47:15
Pierce County,2020-05-10,99,12,34,32,11,10,0,2020/11/08 12:47:15
Pierce County,2020-05-17,83,7,28,22,18,8,0,2020/11/08 12:47:15
Pierce County,2020-05-24,91,9,40,27,8,7,0,2020/11/08 12:47:15
Pierce County,2020-05-31,92,13,37,25,13,4,0,2020/11/08 12:47:15
Pierce County,2020-06-07,109,9,54,33,10,3,0,2020/11/08 12:47:15
Pierce County,2020-06-14,204,22,106,46,19,11,0,2020/11/08 12:47:15
Pierce County,2020-06-21,283,19,170,60,22,12,0,2020/11/08 12:47:15
Pierce County,2020-06-28,355,43,193,82,28,9,0,2020/11/08 12:47:15
Pierce County,2020-07-05,528,84,270,124,39,11,0,2020/11/08 12:47:15
Pierce County,2020-07-12,627,90,280,177,55,25,0,2020/11/08 12:47:15
Pierce County,2020-07-19,691,99,289,182,94,27,0,2020/11/08 12:47:15
Pierce County,2020-07-26,592,81,205,205,81,20,0,2020/11/08 12:47:15
Pierce County,2020-08-02,466,72,176,136,74,8,0,2020/11/08 12:47:15
Pierce County,2020-08-09,368,45,145,118,54,6,0,2020/11/08 12:47:15
Pierce County,2020-08-16,324,49,140,93,29,13,0,2020/11/08 12:47:15
Pierce County,2020-08-23,291,35,115,84,45,12,0,2020/11/08 12:47:15
Pierce County,2020-08-30,251,34,104,64,38,11,0,2020/11/08 12:47:15
Pierce County,2020-09-06,219,24,109,50,29,7,0,2020/11/08 12:47:15
Pierce County,2020-09-13,307,43,114,99,38,13,0,2020/11/08 12:47:15
Pierce County,2020-09-20,371,64,151,102,46,8,0,2020/11/08 12:47:15
Pierce County,2020-09-27,394,57,159,122,46,9,1,2020/11/08 12:47:15
Pierce County,2020-10-04,500,59,201,163,64,13,0,2020/11/08 12:47:15
Pierce County,2020-10-11,478,98,175,129,55,21,0,2020/11/08 12:47:15
Pierce County,2020-10-18,590,96,220,168,79,27,0,2020/11/08 12:47:15
Pierce County,2020-10-25,740,109,294,212,95,30,0,2020/11/08 12:47:15
Pierce County,2020-11-01,755,110,304,231,94,16,0,2020/11/08 12:47:15
San Juan County,2020-03-08,1,0,0,1,0,0,0,2020/11/08 12:47:15
San Juan County,2020-03-15,3,0,0,2,1,0,0,2020/11/08 12:47:15
San Juan County,2020-03-22,4,0,0,3,1,0,0,2020/11/08 12:47:15
San Juan County,2020-03-29,5,0,0,3,1,1,0,2020/11/08 12:47:15
San Juan County,2020-04-05,1,1,0,0,0,0,0,2020/11/08 12:47:15
San Juan County,2020-04-12,1,0,0,1,0,0,0,2020/11/08 12:47:15
San Juan County,2020-05-31,1,0,1,0,0,0,0,2020/11/08 12:47:15
San Juan County,2020-06-14,3,1,1,0,0,1,0,2020/11/08 12:47:15
San Juan County,2020-06-28,2,0,1,0,1,0,0,2020/11/08 12:47:15
San Juan County,2020-07-05,2,0,2,0,0,0,0,2020/11/08 12:47:15
San Juan County,2020-07-12,4,0,0,4,0,0,0,2020/11/08 12:47:15
San Juan County,2020-07-19,1,0,0,0,1,0,0,2020/11/08 12:47:15
San Juan County,2020-08-09,1,0,0,0,1,0,0,2020/11/08 12:47:15
San Juan County,2020-10-11,3,0,0,0,3,0,0,2020/11/08 12:47:15
San Juan County,2020-10-18,2,0,0,1,1,0,0,2020/11/08 12:47:15
San Juan County,2020-10-25,2,0,0,1,1,0,0,2020/11/08 12:47:15
San Juan County,2020-11-01,3,0,0,1,2,0,0,2020/11/08 12:47:15
Skagit County,2020-02-16,1,0,0,1,0,0,0,2020/11/08 12:47:15
Skagit County,2020-02-23,1,0,1,0,0,0,0,2020/11/08 12:47:15
Skagit County,2020-03-01,8,0,3,2,2,1,0,2020/11/08 12:47:15
Skagit County,2020-03-08,43,1,8,11,20,3,0,2020/11/08 12:47:15
Skagit County,2020-03-15,49,3,10,20,13,3,0,2020/11/08 12:47:15
Skagit County,2020-03-22,43,3,13,13,9,5,0,2020/11/08 12:47:15
Skagit County,2020-03-29,41,0,7,12,14,8,0,2020/11/08 12:47:15
Skagit County,2020-04-05,44,3,13,21,7,0,0,2020/11/08 12:47:15
Skagit County,2020-04-12,53,4,17,12,16,4,0,2020/11/08 12:47:15
Skagit County,2020-04-19,68,10,25,26,5,2,0,2020/11/08 12:47:15
Skagit County,2020-04-26,42,7,19,13,3,0,0,2020/11/08 12:47:15
Skagit County,2020-05-03,26,1,9,15,0,1,0,2020/11/08 12:47:15
Skagit County,2020-05-10,11,4,2,3,2,0,0,2020/11/08 12:47:15
Skagit County,2020-05-17,2,0,2,0,0,0,0,2020/11/08 12:47:15
Skagit County,2020-05-24,13,2,7,4,0,0,0,2020/11/08 12:47:15
Skagit County,2020-05-31,11,3,5,3,0,0,0,2020/11/08 12:47:15
Skagit County,2020-06-07,20,1,8,8,3,0,0,2020/11/08 12:47:15
Skagit County,2020-06-14,20,5,11,4,0,0,0,2020/11/08 12:47:15
Skagit County,2020-06-21,33,4,13,13,3,0,0,2020/11/08 12:47:15
Skagit County,2020-06-28,55,10,22,13,3,7,0,2020/11/08 12:47:15
Skagit County,2020-07-05,71,14,28,13,12,4,0,2020/11/08 12:47:15
Skagit County,2020-07-12,66,11,19,20,11,5,0,2020/11/08 12:47:15
Skagit County,2020-07-19,60,9,27,15,9,0,0,2020/11/08 12:47:15
Skagit County,2020-07-26,75,14,27,21,10,3,0,2020/11/08 12:47:15
Skagit County,2020-08-02,61,12,21,13,14,1,0,2020/11/08 12:47:15
Skagit County,2020-08-09,44,11,19,12,1,1,0,2020/11/08 12:47:15
Skagit County,2020-08-16,39,8,18,10,2,1,0,2020/11/08 12:47:15
Skagit County,2020-08-23,35,14,10,8,2,1,0,2020/11/08 12:47:15
Skagit County,2020-08-30,21,3,9,4,5,0,0,2020/11/08 12:47:15
Skagit County,2020-09-06,17,3,5,4,5,0,0,2020/11/08 12:47:15
Skagit County,2020-09-13,22,3,11,4,4,0,0,2020/11/08 12:47:15
Skagit County,2020-09-20,21,1,9,5,6,0,0,2020/11/08 12:47:15
Skagit County,2020-09-27,35,8,12,10,5,0,0,2020/11/08 12:47:15
Skagit County,2020-10-04,33,8,12,5,3,5,0,2020/11/08 12:47:15
Skagit County,2020-10-11,39,5,15,9,9,1,0,2020/11/08 12:47:15
Skagit County,2020-10-18,37,5,13,14,4,1,0,2020/11/08 12:47:15
Skagit County,2020-10-25,66,10,17,22,16,1,0,2020/11/08 12:47:15
Skagit County,2020-11-01,76,12,36,23,4,1,0,2020/11/08 12:47:15
Skamania County,2020-03-22,2,0,0,1,1,0,0,2020/11/08 12:47:15
Skamania County,2020-04-05,1,0,0,0,1,0,0,2020/11/08 12:47:15
Skamania County,2020-06-14,1,0,1,0,0,0,0,2020/11/08 12:47:15
Skamania County,2020-06-21,6,0,1,2,2,1,0,2020/11/08 12:47:15
Skamania County,2020-06-28,13,3,6,2,2,0,0,2020/11/08 12:47:15
Skamania County,2020-07-05,20,4,3,9,3,1,0,2020/11/08 12:47:15
Skamania County,2020-07-12,4,1,0,3,0,0,0,2020/11/08 12:47:15
Skamania County,2020-07-19,4,2,0,1,1,0,0,2020/11/08 12:47:15
Skamania County,2020-07-26,4,1,0,1,1,1,0,2020/11/08 12:47:15
Skamania County,2020-08-02,2,0,0,1,1,0,0,2020/11/08 12:47:15
Skamania County,2020-08-09,1,0,1,0,0,0,0,2020/11/08 12:47:15
Skamania County,2020-08-30,2,0,1,1,0,0,0,2020/11/08 12:47:15
Skamania County,2020-09-13,3,1,2,0,0,0,0,2020/11/08 12:47:15
Skamania County,2020-09-20,1,0,1,0,0,0,0,2020/11/08 12:47:15
Skamania County,2020-10-04,2,0,0,2,0,0,0,2020/11/08 12:47:15
Skamania County,2020-10-11,6,3,0,3,0,0,0,2020/11/08 12:47:15
Skamania County,2020-10-18,1,0,0,1,0,0,0,2020/11/08 12:47:15
Skamania County,2020-11-01,1,0,1,0,0,0,0,2020/11/08 12:47:15
Snohomish County,2020-01-16,1,0,1,0,0,0,0,2020/11/08 12:47:15
Snohomish County,2020-01-26,1,0,1,0,0,0,0,2020/11/08 12:47:15
Snohomish County,2020-02-02,6,0,1,2,1,2,0,2020/11/08 12:47:15
Snohomish County,2020-02-09,4,0,1,2,1,0,0,2020/11/08 12:47:15
Snohomish County,2020-02-16,20,1,3,9,6,1,0,2020/11/08 12:47:15
Snohomish County,2020-02-23,52,1,11,16,17,7,0,2020/11/08 12:47:15
Snohomish County,2020-03-01,202,4,37,69,69,22,1,2020/11/08 12:47:15
Snohomish County,2020-03-08,344,5,85,142,85,27,0,2020/11/08 12:47:15
Snohomish County,2020-03-15,497,6,159,192,115,25,0,2020/11/08 12:47:15
Snohomish County,2020-03-22,428,16,145,167,78,22,0,2020/11/08 12:47:15
Snohomish County,2020-03-29,301,15,101,98,54,33,0,2020/11/08 12:47:15
Snohomish County,2020-04-05,220,9,72,82,42,15,0,2020/11/08 12:47:15
Snohomish County,2020-04-12,202,16,62,55,43,26,0,2020/11/08 12:47:15
Snohomish County,2020-04-19,196,10,58,73,29,26,0,2020/11/08 12:47:15
Snohomish County,2020-04-26,186,14,57,59,27,29,0,2020/11/08 12:47:15
Snohomish County,2020-05-03,114,6,43,35,24,6,0,2020/11/08 12:47:15
Snohomish County,2020-05-10,99,9,34,22,12,22,0,2020/11/08 12:47:15
Snohomish County,2020-05-17,96,7,28,25,21,15,0,2020/11/08 12:47:15
Snohomish County,2020-05-24,60,7,21,20,12,0,0,2020/11/08 12:47:15
Snohomish County,2020-05-31,81,13,27,28,12,1,0,2020/11/08 12:47:15
Snohomish County,2020-06-07,112,17,39,32,16,8,0,2020/11/08 12:47:15
Snohomish County,2020-06-14,177,41,65,48,15,8,0,2020/11/08 12:47:15
Snohomish County,2020-06-21,236,38,119,47,30,2,0,2020/11/08 12:47:15
Snohomish County,2020-06-28,291,68,130,70,20,3,0,2020/11/08 12:47:15
Snohomish County,2020-07-05,363,80,153,84,36,10,0,2020/11/08 12:47:15
Snohomish County,2020-07-12,390,61,169,109,39,12,0,2020/11/08 12:47:15
Snohomish County,2020-07-19,341,67,136,97,32,9,0,2020/11/08 12:47:15
Snohomish County,2020-07-26,362,68,131,111,43,9,0,2020/11/08 12:47:15
Snohomish County,2020-08-02,286,46,115,90,33,2,0,2020/11/08 12:47:15
Snohomish County,2020-08-09,226,41,103,48,29,5,0,2020/11/08 12:47:15
Snohomish County,2020-08-16,207,32,89,46,30,10,0,2020/11/08 12:47:15
Snohomish County,2020-08-23,212,46,91,53,16,6,0,2020/11/08 12:47:15
Snohomish County,2020-08-30,197,44,74,46,27,6,0,2020/11/08 12:47:15
Snohomish County,2020-09-06,140,21,53,41,22,3,0,2020/11/08 12:47:15
Snohomish County,2020-09-13,187,32,76,53,22,4,0,2020/11/08 12:47:15
Snohomish County,2020-09-20,235,30,92,76,33,4,0,2020/11/08 12:47:15
Snohomish County,2020-09-27,296,57,131,78,24,6,0,2020/11/08 12:47:15
Snohomish County,2020-10-04,439,61,185,133,48,12,0,2020/11/08 12:47:15
Snohomish County,2020-10-11,480,65,184,157,56,18,0,2020/11/08 12:47:15
Snohomish County,2020-10-18,543,75,200,174,75,19,0,2020/11/08 12:47:15
Snohomish County,2020-10-25,567,77,248,153,71,18,0,2020/11/08 12:47:15
Snohomish County,2020-11-01,680,120,283,188,64,24,1,2020/11/08 12:47:15
Spokane County,2020-02-16,1,0,0,0,1,0,0,2020/11/08 12:47:15
Spokane County,2020-02-23,1,0,0,0,0,1,0,2020/11/08 12:47:15
Spokane County,2020-03-01,9,0,4,3,2,0,0,2020/11/08 12:47:15
Spokane County,2020-03-08,38,0,8,12,17,1,0,2020/11/08 12:47:15
Spokane County,2020-03-15,92,1,20,39,28,4,0,2020/11/08 12:47:15
Spokane County,2020-03-22,72,2,23,24,17,6,0,2020/11/08 12:47:15
Spokane County,2020-03-29,47,3,13,13,15,3,0,2020/11/08 12:47:15
Spokane County,2020-04-05,32,0,6,7,8,11,0,2020/11/08 12:47:15
Spokane County,2020-04-12,31,0,7,10,6,8,0,2020/11/08 12:47:15
Spokane County,2020-04-19,42,4,15,8,10,5,0,2020/11/08 12:47:15
Spokane County,2020-04-26,22,0,5,5,7,5,0,2020/11/08 12:47:15
Spokane County,2020-05-03,19,7,3,4,3,2,0,2020/11/08 12:47:15
Spokane County,2020-05-10,44,7,17,17,3,0,0,2020/11/08 12:47:15
Spokane County,2020-05-17,108,18,53,22,12,3,0,2020/11/08 12:47:15
Spokane County,2020-05-24,99,15,59,19,5,1,0,2020/11/08 12:47:15
Spokane County,2020-05-31,136,32,53,29,15,7,0,2020/11/08 12:47:15
Spokane County,2020-06-07,135,18,70,31,14,2,0,2020/11/08 12:47:15
Spokane County,2020-06-14,210,33,102,47,23,5,0,2020/11/08 12:47:15
Spokane County,2020-06-21,431,59,249,91,29,3,0,2020/11/08 12:47:15
Spokane County,2020-06-28,494,74,254,116,35,15,0,2020/11/08 12:47:15
Spokane County,2020-07-05,504,66,244,135,43,16,0,2020/11/08 12:47:15
Spokane County,2020-07-12,513,82,201,138,67,25,0,2020/11/08 12:47:15
Spokane County,2020-07-19,600,82,214,162,95,45,2,2020/11/08 12:47:15
Spokane County,2020-07-26,595,62,233,150,92,58,0,2020/11/08 12:47:15
Spokane County,2020-08-02,422,49,167,113,59,32,2,2020/11/08 12:47:15
Spokane County,2020-08-09,255,36,100,79,27,13,0,2020/11/08 12:47:15
Spokane County,2020-08-16,206,19,86,50,37,14,0,2020/11/08 12:47:15
Spokane County,2020-08-23,258,38,93,64,49,14,0,2020/11/08 12:47:15
Spokane County,2020-08-30,276,30,116,76,43,11,0,2020/11/08 12:47:15
Spokane County,2020-09-06,313,44,111,94,50,14,0,2020/11/08 12:47:15
Spokane County,2020-09-13,431,78,151,109,72,20,1,2020/11/08 12:47:15
Spokane County,2020-09-20,595,123,221,142,86,22,1,2020/11/08 12:47:15
Spokane County,2020-09-27,592,139,215,135,76,27,0,2020/11/08 12:47:15
Spokane County,2020-10-04,595,110,212,153,88,29,3,2020/11/08 12:47:15
Spokane County,2020-10-11,559,94,202,161,85,17,0,2020/11/08 12:47:15
Spokane County,2020-10-18,684,92,262,177,132,19,2,2020/11/08 12:47:15
Spokane County,2020-10-25,714,113,272,201,110,18,0,2020/11/08 12:47:15
Spokane County,2020-11-01,739,118,266,230,105,20,0,2020/11/08 12:47:15
Stevens County,2020-03-01,1,0,0,1,0,0,0,2020/11/08 12:47:15
Stevens County,2020-03-08,1,0,0,0,1,0,0,2020/11/08 12:47:15
Stevens County,2020-03-22,4,0,0,1,3,0,0,2020/11/08 12:47:15
Stevens County,2020-03-29,1,0,0,0,1,0,0,2020/11/08 12:47:15
Stevens County,2020-04-12,2,1,0,0,1,0,0,2020/11/08 12:47:15
Stevens County,2020-05-10,1,0,0,1,0,0,0,2020/11/08 12:47:15
Stevens County,2020-05-17,2,0,0,2,0,0,0,2020/11/08 12:47:15
Stevens County,2020-05-24,1,0,0,1,0,0,0,2020/11/08 12:47:15
Stevens County,2020-05-31,1,0,0,1,0,0,0,2020/11/08 12:47:15
Stevens County,2020-06-07,2,1,0,1,0,0,0,2020/11/08 12:47:15
Stevens County,2020-06-14,2,0,0,1,1,0,0,2020/11/08 12:47:15
Stevens County,2020-06-21,5,0,2,1,2,0,0,2020/11/08 12:47:15
Stevens County,2020-06-28,6,3,0,0,3,0,0,2020/11/08 12:47:15
Stevens County,2020-07-05,15,3,5,6,1,0,0,2020/11/08 12:47:15
Stevens County,2020-07-12,16,2,4,6,4,0,0,2020/11/08 12:47:15
Stevens County,2020-07-19,14,3,2,7,2,0,0,2020/11/08 12:47:15
Stevens County,2020-07-26,31,10,7,10,3,1,0,2020/11/08 12:47:15
Stevens County,2020-08-02,10,0,3,5,2,0,0,2020/11/08 12:47:15
Stevens County,2020-08-09,7,1,1,2,2,1,0,2020/11/08 12:47:15
Stevens County,2020-08-16,5,0,2,2,0,1,0,2020/11/08 12:47:15
Stevens County,2020-08-23,4,1,2,1,0,0,0,2020/11/08 12:47:15
Stevens County,2020-08-30,5,0,2,1,2,0,0,2020/11/08 12:47:15
Stevens County,2020-09-06,4,0,2,2,0,0,0,2020/11/08 12:47:15
Stevens County,2020-09-13,19,2,1,3,6,7,0,2020/11/08 12:47:15
Stevens County,2020-09-20,26,1,9,9,1,6,0,2020/11/08 12:47:15
Stevens County,2020-09-27,24,0,9,6,8,1,0,2020/11/08 12:47:15
Stevens County,2020-10-04,19,4,6,5,3,1,0,2020/11/08 12:47:15
Stevens County,2020-10-11,18,2,6,7,2,1,0,2020/11/08 12:47:15
Stevens County,2020-10-18,18,5,5,6,2,0,0,2020/11/08 12:47:15
Stevens County,2020-10-25,45,10,13,8,13,1,0,2020/11/08 12:47:15
Stevens County,2020-11-01,33,3,10,13,5,2,0,2020/11/08 12:47:15
Thurston County,2020-02-23,1,0,0,1,0,0,0,2020/11/08 12:47:15
Thurston County,2020-03-01,4,0,0,3,1,0,0,2020/11/08 12:47:15
Thurston County,2020-03-08,17,0,4,6,6,1,0,2020/11/08 12:47:15
Thurston County,2020-03-15,15,0,1,6,8,0,0,2020/11/08 12:47:15
Thurston County,2020-03-22,31,1,6,11,12,1,0,2020/11/08 12:47:15
Thurston County,2020-03-29,16,1,6,6,3,0,0,2020/11/08 12:47:15
Thurston County,2020-04-05,10,0,4,4,2,0,0,2020/11/08 12:47:15
Thurston County,2020-04-12,12,1,2,6,3,0,0,2020/11/08 12:47:15
Thurston County,2020-04-19,7,1,1,4,1,0,0,2020/11/08 12:47:15
Thurston County,2020-04-26,5,3,0,1,1,0,0,2020/11/08 12:47:15
Thurston County,2020-05-03,5,0,2,2,0,1,0,2020/11/08 12:47:15
Thurston County,2020-05-10,3,0,0,2,1,0,0,2020/11/08 12:47:15
Thurston County,2020-05-17,6,0,1,3,2,0,0,2020/11/08 12:47:15
Thurston County,2020-05-24,28,1,5,9,7,6,0,2020/11/08 12:47:15
Thurston County,2020-05-31,26,0,7,9,4,6,0,2020/11/08 12:47:15
Thurston County,2020-06-07,20,1,7,7,1,4,0,2020/11/08 12:47:15
Thurston County,2020-06-14,28,5,12,8,2,1,0,2020/11/08 12:47:15
Thurston County,2020-06-21,53,7,27,11,8,0,0,2020/11/08 12:47:15
Thurston County,2020-06-28,60,8,20,22,9,1,0,2020/11/08 12:47:15
Thurston County,2020-07-05,84,13,37,21,10,1,2,2020/11/08 12:47:15
Thurston County,2020-07-12,90,13,33,28,11,5,0,2020/11/08 12:47:15
Thurston County,2020-07-19,84,11,38,27,7,1,0,2020/11/08 12:47:15
Thurston County,2020-07-26,76,21,19,26,10,0,0,2020/11/08 12:47:15
Thurston County,2020-08-02,89,15,35,20,17,2,0,2020/11/08 12:47:15
Thurston County,2020-08-09,62,14,23,18,7,0,0,2020/11/08 12:47:15
Thurston County,2020-08-16,69,11,27,19,12,0,0,2020/11/08 12:47:15
Thurston County,2020-08-23,48,9,24,13,2,0,0,2020/11/08 12:47:15
Thurston County,2020-08-30,31,6,9,8,8,0,0,2020/11/08 12:47:15
Thurston County,2020-09-06,37,6,15,10,6,0,0,2020/11/08 12:47:15
Thurston County,2020-09-13,42,5,10,14,11,2,0,2020/11/08 12:47:15
Thurston County,2020-09-20,77,13,31,18,14,1,0,2020/11/08 12:47:15
Thurston County,2020-09-27,110,11,40,41,14,4,0,2020/11/08 12:47:15
Thurston County,2020-10-04,104,22,39,19,15,9,0,2020/11/08 12:47:15
Thurston County,2020-10-11,146,14,23,34,42,33,0,2020/11/08 12:47:15
Thurston County,2020-10-18,128,14,48,30,22,14,0,2020/11/08 12:47:15
Thurston County,2020-10-25,128,15,42,36,24,11,0,2020/11/08 12:47:15
Thurston County,2020-11-01,107,22,35,32,13,5,0,2020/11/08 12:47:15
Wahkiakum County,2020-03-15,1,0,0,1,0,0,0,2020/11/08 12:47:15
Wahkiakum County,2020-03-22,1,0,0,1,0,0,0,2020/11/08 12:47:15
Wahkiakum County,2020-05-03,2,0,0,1,1,0,0,2020/11/08 12:47:15
Wahkiakum County,2020-06-14,1,0,0,1,0,0,0,2020/11/08 12:47:15
Wahkiakum County,2020-06-21,1,0,0,0,1,0,0,2020/11/08 12:47:15
Wahkiakum County,2020-08-09,1,0,0,0,1,0,0,2020/11/08 12:47:15
Wahkiakum County,2020-09-27,1,0,0,1,0,0,0,2020/11/08 12:47:15
Wahkiakum County,2020-10-04,1,0,0,1,0,0,0,2020/11/08 12:47:15
Wahkiakum County,2020-10-11,1,0,0,0,1,0,0,2020/11/08 12:47:15
Wahkiakum County,2020-10-25,1,0,0,1,0,0,0,2020/11/08 12:47:15
Walla Walla County,2020-03-08,1,0,0,1,0,0,0,2020/11/08 12:47:15
Walla Walla County,2020-03-15,2,0,1,0,1,0,0,2020/11/08 12:47:15
Walla Walla County,2020-03-22,5,0,2,2,1,0,0,2020/11/08 12:47:15
Walla Walla County,2020-03-29,11,1,4,4,2,0,0,2020/11/08 12:47:15
Walla Walla County,2020-04-05,16,0,8,4,4,0,0,2020/11/08 12:47:15
Walla Walla County,2020-04-12,13,1,5,6,1,0,0,2020/11/08 12:47:15
Walla Walla County,2020-04-19,29,3,7,10,8,1,0,2020/11/08 12:47:15
Walla Walla County,2020-04-26,18,3,11,4,0,0,0,2020/11/08 12:47:15
Walla Walla County,2020-05-03,7,0,4,1,0,2,0,2020/11/08 12:47:15
Walla Walla County,2020-05-10,6,1,0,2,0,3,0,2020/11/08 12:47:15
Walla Walla County,2020-05-17,2,0,0,2,0,0,0,2020/11/08 12:47:15
Walla Walla County,2020-05-24,3,1,1,0,1,0,0,2020/11/08 12:47:15
Walla Walla County,2020-05-31,10,1,1,6,2,0,0,2020/11/08 12:47:15
Walla Walla County,2020-06-07,13,0,7,4,2,0,0,2020/11/08 12:47:15
Walla Walla County,2020-06-14,18,3,8,5,2,0,0,2020/11/08 12:47:15
Walla Walla County,2020-06-21,30,2,15,8,4,1,0,2020/11/08 12:47:15
Walla Walla County,2020-06-28,36,1,22,7,5,1,0,2020/11/08 12:47:15
Walla Walla County,2020-07-05,57,8,24,22,3,0,0,2020/11/08 12:47:15
Walla Walla County,2020-07-12,56,11,16,19,9,1,0,2020/11/08 12:47:15
Walla Walla County,2020-07-19,73,17,28,19,6,3,0,2020/11/08 12:47:15
Walla Walla County,2020-07-26,101,11,36,41,10,3,0,2020/11/08 12:47:15
Walla Walla County,2020-08-02,69,7,31,22,5,4,0,2020/11/08 12:47:15
Walla Walla County,2020-08-09,94,8,31,39,12,4,0,2020/11/08 12:47:15
Walla Walla County,2020-08-16,62,7,20,24,9,2,0,2020/11/08 12:47:15
Walla Walla County,2020-08-23,49,7,19,21,2,0,0,2020/11/08 12:47:15
Walla Walla County,2020-08-30,34,6,10,10,6,2,0,2020/11/08 12:47:15
Walla Walla County,2020-09-06,31,2,16,9,4,0,0,2020/11/08 12:47:15
Walla Walla County,2020-09-13,32,8,12,6,4,2,0,2020/11/08 12:47:15
Walla Walla County,2020-09-20,37,6,13,13,4,1,0,2020/11/08 12:47:15
Walla Walla County,2020-09-27,28,4,9,9,6,0,0,2020/11/08 12:47:15
Walla Walla County,2020-10-04,30,3,16,7,4,0,0,2020/11/08 12:47:15
Walla Walla County,2020-10-11,65,9,26,21,8,1,0,2020/11/08 12:47:15
Walla Walla County,2020-10-18,130,19,46,36,18,11,0,2020/11/08 12:47:15
Walla Walla County,2020-10-25,179,23,73,37,20,26,0,2020/11/08 12:47:15
Walla Walla County,2020-11-01,113,18,51,24,14,6,0,2020/11/08 12:47:15
Whatcom County,2020-02-16,1,0,0,0,1,0,0,2020/11/08 12:47:15
Whatcom County,2020-02-23,1,0,0,1,0,0,0,2020/11/08 12:47:15
Whatcom County,2020-03-01,6,0,0,2,3,1,0,2020/11/08 12:47:15
Whatcom County,2020-03-08,27,1,8,8,5,5,0,2020/11/08 12:47:15
Whatcom County,2020-03-15,72,1,22,20,12,17,0,2020/11/08 12:47:15
Whatcom County,2020-03-22,84,1,20,27,20,16,0,2020/11/08 12:47:15
Whatcom County,2020-03-29,62,4,15,13,10,20,0,2020/11/08 12:47:15
Whatcom County,2020-04-05,21,1,4,3,8,5,0,2020/11/08 12:47:15
Whatcom County,2020-04-12,12,0,6,1,2,3,0,2020/11/08 12:47:15
Whatcom County,2020-04-19,12,2,4,4,2,0,0,2020/11/08 12:47:15
Whatcom County,2020-04-26,23,5,12,3,1,2,0,2020/11/08 12:47:15
Whatcom County,2020-05-03,16,3,3,3,3,4,0,2020/11/08 12:47:15
Whatcom County,2020-05-10,20,3,10,5,2,0,0,2020/11/08 12:47:15
Whatcom County,2020-05-17,21,6,10,3,1,1,0,2020/11/08 12:47:15
Whatcom County,2020-05-24,25,10,8,7,0,0,0,2020/11/08 12:47:15
Whatcom County,2020-05-31,30,10,15,3,1,1,0,2020/11/08 12:47:15
Whatcom County,2020-06-07,37,5,21,8,2,1,0,2020/11/08 12:47:15
Whatcom County,2020-06-14,87,19,28,21,17,2,0,2020/11/08 12:47:15
Whatcom County,2020-06-21,83,26,27,21,9,0,0,2020/11/08 12:47:15
Whatcom County,2020-06-28,46,10,22,10,4,0,0,2020/11/08 12:47:15
Whatcom County,2020-07-05,62,9,24,19,8,2,0,2020/11/08 12:47:15
Whatcom County,2020-07-12,65,16,30,13,5,1,0,2020/11/08 12:47:15
Whatcom County,2020-07-19,73,18,28,19,8,0,0,2020/11/08 12:47:15
Whatcom County,2020-07-26,67,15,26,12,12,2,0,2020/11/08 12:47:15
Whatcom County,2020-08-02,50,17,14,11,7,1,0,2020/11/08 12:47:15
Whatcom County,2020-08-09,36,13,13,7,3,0,0,2020/11/08 12:47:15
Whatcom County,2020-08-16,29,3,13,9,3,1,0,2020/11/08 12:47:15
Whatcom County,2020-08-23,53,11,21,14,7,0,0,2020/11/08 12:47:15
Whatcom County,2020-08-30,48,6,23,14,5,0,0,2020/11/08 12:47:15
Whatcom County,2020-09-06,62,13,28,15,6,0,0,2020/11/08 12:47:15
Whatcom County,2020-09-13,84,9,30,18,16,11,0,2020/11/08 12:47:15
Whatcom County,2020-09-20,64,18,17,14,9,6,0,2020/11/08 12:47:15
Whatcom County,2020-09-27,53,6,12,18,11,6,0,2020/11/08 12:47:15
Whatcom County,2020-10-04,50,11,25,6,6,2,0,2020/11/08 12:47:15
Whatcom County,2020-10-11,61,10,27,10,14,0,0,2020/11/08 12:47:15
Whatcom County,2020-10-18,50,16,11,12,10,1,0,2020/11/08 12:47:15
Whatcom County,2020-10-25,62,12,25,16,7,2,0,2020/11/08 12:47:15
Whatcom County,2020-11-01,41,5,16,16,4,0,0,2020/11/08 12:47:15
Whitman County,2020-03-08,1,0,1,0,0,0,0,2020/11/08 12:47:15
Whitman County,2020-03-15,4,0,1,2,1,0,0,2020/11/08 12:47:15
Whitman County,2020-03-22,3,1,0,2,0,0,0,2020/11/08 12:47:15
Whitman County,2020-03-29,4,0,2,2,0,0,0,2020/11/08 12:47:15
Whitman County,2020-04-12,3,0,2,0,0,1,0,2020/11/08 12:47:15
Whitman County,2020-04-19,1,0,1,0,0,0,0,2020/11/08 12:47:15
Whitman County,2020-05-10,2,0,2,0,0,0,0,2020/11/08 12:47:15
Whitman County,2020-05-17,2,0,2,0,0,0,0,2020/11/08 12:47:15
Whitman County,2020-05-31,7,2,2,1,2,0,0,2020/11/08 12:47:15
Whitman County,2020-06-07,2,1,1,0,0,0,0,2020/11/08 12:47:15
Whitman County,2020-06-14,4,0,1,3,0,0,0,2020/11/08 12:47:15
Whitman County,2020-06-21,8,1,3,2,2,0,0,2020/11/08 12:47:15
Whitman County,2020-06-28,8,0,6,2,0,0,0,2020/11/08 12:47:15
Whitman County,2020-07-05,8,2,4,1,1,0,0,2020/11/08 12:47:15
Whitman County,2020-07-12,15,1,10,1,2,1,0,2020/11/08 12:47:15
Whitman County,2020-07-19,16,1,4,8,3,0,0,2020/11/08 12:47:15
Whitman County,2020-07-26,13,2,4,3,4,0,0,2020/11/08 12:47:15
Whitman County,2020-08-02,30,8,16,4,2,0,0,2020/11/08 12:47:15
Whitman County,2020-08-09,12,4,5,2,1,0,0,2020/11/08 12:47:15
Whitman County,2020-08-16,131,28,102,1,0,0,0,2020/11/08 12:47:15
Whitman County,2020-08-23,332,114,216,1,1,0,0,2020/11/08 12:47:15
Whitman County,2020-08-30,307,101,203,3,0,0,0,2020/11/08 12:47:15
Whitman County,2020-09-06,162,48,106,5,2,1,0,2020/11/08 12:47:15
Whitman County,2020-09-13,109,45,60,2,2,0,0,2020/11/08 12:47:15
Whitman County,2020-09-20,142,59,79,2,1,0,1,2020/11/08 12:47:15
Whitman County,2020-09-27,89,32,43,5,6,3,0,2020/11/08 12:47:15
Whitman County,2020-10-04,142,36,65,9,19,13,0,2020/11/08 12:47:15
Whitman County,2020-10-11,132,35,47,21,19,10,0,2020/11/08 12:47:15
Whitman County,2020-10-18,103,21,39,17,12,14,0,2020/11/08 12:47:15
Whitman County,2020-10-25,60,9,19,14,13,5,0,2020/11/08 12:47:15
Whitman County,2020-11-01,69,7,39,14,8,1,0,2020/11/08 12:47:15
Yakima County,2020-01-16,1,0,1,0,0,0,0,2020/11/08 12:47:15
Yakima County,2020-02-09,3,0,1,1,1,0,0,2020/11/08 12:47:15
Yakima County,2020-02-16,2,0,0,2,0,0,0,2020/11/08 12:47:15
Yakima County,2020-03-01,14,0,0,4,9,1,0,2020/11/08 12:47:15
Yakima County,2020-03-08,23,1,10,6,6,0,0,2020/11/08 12:47:15
Yakima County,2020-03-15,76,3,33,23,13,4,0,2020/11/08 12:47:15
Yakima County,2020-03-22,158,2,42,55,37,21,1,2020/11/08 12:47:15
Yakima County,2020-03-29,238,16,64,76,62,20,0,2020/11/08 12:47:15
Yakima County,2020-04-05,240,14,80,83,49,14,0,2020/11/08 12:47:15
Yakima County,2020-04-12,243,29,89,71,40,14,0,2020/11/08 12:47:15
Yakima County,2020-04-19,288,22,103,104,43,16,0,2020/11/08 12:47:15
Yakima County,2020-04-26,407,39,141,136,58,33,0,2020/11/08 12:47:15
Yakima County,2020-05-03,525,59,206,167,59,34,0,2020/11/08 12:47:15
Yakima County,2020-05-10,652,71,280,214,73,14,0,2020/11/08 12:47:15
Yakima County,2020-05-17,683,85,298,203,86,11,0,2020/11/08 12:47:15
Yakima County,2020-05-24,769,96,328,230,108,7,0,2020/11/08 12:47:15
Yakima County,2020-05-31,972,135,434,288,100,15,0,2020/11/08 12:47:15
Yakima County,2020-06-07,860,120,349,242,107,42,0,2020/11/08 12:47:15
Yakima County,2020-06-14,821,144,350,208,96,23,0,2020/11/08 12:47:15
Yakima County,2020-06-21,741,122,299,205,71,44,0,2020/11/08 12:47:15
Yakima County,2020-06-28,644,98,262,192,58,34,0,2020/11/08 12:47:15
Yakima County,2020-07-05,627,117,236,188,74,12,0,2020/11/08 12:47:15
Yakima County,2020-07-12,496,97,229,123,41,6,0,2020/11/08 12:47:15
Yakima County,2020-07-19,411,72,169,114,45,11,0,2020/11/08 12:47:15
Yakima County,2020-07-26,328,53,125,87,50,13,0,2020/11/08 12:47:15
Yakima County,2020-08-02,285,47,125,62,32,19,0,2020/11/08 12:47:15
Yakima County,2020-08-09,219,35,89,57,28,10,0,2020/11/08 12:47:15
Yakima County,2020-08-16,152,24,63,43,14,8,0,2020/11/08 12:47:15
Yakima County,2020-08-23,126,16,42,40,18,10,0,2020/11/08 12:47:15
Yakima County,2020-08-30,125,11,57,42,11,4,0,2020/11/08 12:47:15
Yakima County,2020-09-06,106,19,43,31,12,1,0,2020/11/08 12:47:15
Yakima County,2020-09-13,116,33,38,29,12,4,0,2020/11/08 12:47:15
Yakima County,2020-09-20,111,28,41,32,10,0,0,2020/11/08 12:47:15
Yakima County,2020-09-27,104,12,42,38,11,1,0,2020/11/08 12:47:15
Yakima County,2020-10-04,103,18,38,30,14,3,0,2020/11/08 12:47:15
Yakima County,2020-10-11,123,17,55,30,16,5,0,2020/11/08 12:47:15
Yakima County,2020-10-18,139,32,55,31,17,4,0,2020/11/08 12:47:15
Yakima County,2020-10-25,155,32,64,35,17,7,0,2020/11/08 12:47:15
Yakima County,2020-11-01,117,18,44,28,24,3,0,2020/11/08 12:47:15
Unassigned,2020-05-10,1,0,0,1,0,0,0,2020/11/08 12:47:15
Unassigned,2020-05-17,6,0,3,3,0,0,0,2020/11/08 12:47:15
Unassigned,2020-05-24,5,0,3,2,0,0,0,2020/11/08 12:47:15
Unassigned,2020-06-07,1,0,0,1,0,0,0,2020/11/08 12:47:15
Unassigned,2020-06-14,5,0,4,1,0,0,0,2020/11/08 12:47:15
Unassigned,2020-06-21,5,0,3,2,0,0,0,2020/11/08 12:47:15
Unassigned,2020-06-28,8,0,6,0,2,0,0,2020/11/08 12:47:15
Unassigned,2020-07-05,22,1,16,5,0,0,0,2020/11/08 12:47:15
Unassigned,2020-07-12,22,3,9,6,2,2,0,2020/11/08 12:47:15
Unassigned,2020-07-19,38,2,21,12,2,1,0,2020/11/08 12:47:15
Unassigned,2020-07-26,19,2,8,8,1,0,0,2020/11/08 12:47:15
Unassigned,2020-08-02,36,5,24,7,0,0,0,2020/11/08 12:47:15
Unassigned,2020-08-09,17,2,12,3,0,0,0,2020/11/08 12:47:15
Unassigned,2020-08-16,26,5,16,5,0,0,0,2020/11/08 12:47:15
Unassigned,2020-08-23,28,5,19,3,1,0,0,2020/11/08 12:47:15
Unassigned,2020-08-30,17,3,12,1,0,1,0,2020/11/08 12:47:15
Unassigned,2020-09-06,10,1,5,2,2,0,0,2020/11/08 12:47:15
Unassigned,2020-09-13,14,4,6,4,0,0,0,2020/11/08 12:47:15
Unassigned,2020-09-20,11,1,6,3,1,0,0,2020/11/08 12:47:15
Unassigned,2020-09-27,18,0,11,5,1,1,0,2020/11/08 12:47:15
Unassigned,2020-10-04,19,1,16,2,0,0,0,2020/11/08 12:47:15
Unassigned,2020-10-11,16,0,9,6,1,0,0,2020/11/08 12:47:15
Unassigned,2020-10-18,10,2,4,4,0,0,0,2020/11/08 12:47:15
Unassigned,2020-10-25,10,2,3,3,1,1,0,2020/11/08 12:47:15
Unassigned,2020-11-01,55,5,18,25,5,2,0,2020/11/08 12:47:15
